action_app_custom_event.fb_mobile_purchase,action_app_custom_event.other,action_app_store_visit,action_comment,action_link_click,action_mobile_app_install,action_omni_app_install,action_omni_custom,action_omni_purchase,action_onsite_app_purchase,action_onsite_conversion.messaging_block,action_onsite_conversion.post_net_save,action_onsite_conversion.post_save,action_onsite_web_app_purchase,action_page_engagement,action_post,action_post_engagement,action_post_interaction_gross,action_post_reaction,action_purchase,action_video_view,action_web_app_in_store_purchase,ad_id,ad_name,adset_id,adset_name,campaign_id,campaign_name,clicks,cost_per_conversion,cost_per_inline_link_click,cost_per_outbound_click,cpa_link_click,cpa_omni_app_install,cpa_omni_custom,cpa_omni_purchase,cpa_page_engagement,cpa_post_engagement,cpa_post_interaction_gross,cpa_purchase,cpa_video_view,cpc,cpm,cpp,ctr,date_start,date_stop,frequency,impressions,inline_link_click_ctr,inline_link_clicks,outbound_clicks,outbound_clicks_ctr,publisher_platform,reach,spend,video_30_sec_watched_actions_video_view,video_avg_time_watched_actions_video_view,video_p100_watched_actions_video_view,video_p25_watched_actions_video_view,video_p50_watched_actions_video_view,video_p75_watched_actions_video_view
,,,,,,,,,,,,,,,,,,,,,,6913347654184,tyson_rap_1_4x5,6913347655784,FB_iOS_itoshi_rap_set1,6913347651784,FB_iOS_itoshi_rap_install,0,,,,,,,,,,,,,,10,10,0,2025-11-30,2025-11-30,1,1,,,,,facebook,1,0.01,,1,,,,
,88,,,25,7,7,88,,,,,,,613,,613,6,6,,582,,6913358397984,tyson_rap_2_4x5,6913347655784,FB_iOS_itoshi_rap_set1,6913347651784,FB_iOS_itoshi_rap_install,24,"[{'action_type': 'start_trial_mobile_app', 'value': '15.67'}, {'action_type': 'start_trial_total', 'value': '15.67'}]",0.6268,"[{'action_type': 'outbound_click', 'value': '0.6268'}]",0.6268,2.238571,0.178068,,0.025563,0.025563,2.611667,,0.026924,0.652917,12.137878,12.750203,1.859024,2025-11-30,2025-11-30,1.050448,1291,1.936483,25,"[{'action_type': 'outbound_click', 'value': '25'}]","[{'action_type': 'outbound_click', 'value': '1.936483'}]",facebook,1229,15.67,105,4,95,552,309,193
,2,,,6,,,2,,,,,,,85,,85,3,3,,76,,6913358397984,tyson_rap_2_4x5,6913347655784,FB_iOS_itoshi_rap_set1,6913347651784,FB_iOS_itoshi_rap_install,9,,0.561667,"[{'action_type': 'outbound_click', 'value': '0.561667'}]",0.561667,,1.685,,0.039647,0.039647,1.123333,,0.044342,0.374444,14.977778,15.248869,4,2025-11-30,2025-11-30,1.0181,225,2.666667,6,"[{'action_type': 'outbound_click', 'value': '6'}]","[{'action_type': 'outbound_click', 'value': '2.666667'}]",instagram,221,3.37,10,4,10,70,36,19
,,,,,,,,,,,,,,8,,8,,,,8,,6913358397984,tyson_rap_2_4x5,6913347655784,FB_iOS_itoshi_rap_set1,6913347651784,FB_iOS_itoshi_rap_install,0,,,,,,,,0.02875,0.02875,,,0.02875,,10,10,0,2025-11-30,2025-11-30,1,23,,,,,threads,23,0.23,1,4,1,8,4,2
,487,1,,84,35,35,487,,,,1,1,,3508,,3508,25,24,,3399,,6913358815984,jesus_rap_1_4x5,6913347655784,FB_iOS_itoshi_rap_set1,6913347651784,FB_iOS_itoshi_rap_install,83,"[{'action_type': 'subscribe_mobile_app', 'value': '23.593333'}, {'action_type': 'subscribe_total', 'value': '23.593333'}, {'action_type': 'start_trial_mobile_app', 'value': '23.593333'}, {'action_type': 'start_trial_total', 'value': '23.593333'}]",0.842619,"[{'action_type': 'outbound_click', 'value': '0.842619'}]",0.842619,2.022286,0.145339,,0.020177,0.020177,2.8312,,0.020824,0.852771,9.601194,9.853822,1.125882,2025-11-30,2025-11-30,1.026312,7372,1.139447,84,"[{'action_type': 'outbound_click', 'value': '84'}]","[{'action_type': 'outbound_click', 'value': '1.139447'}]",facebook,7183,70.78,306,4,281,3228,1440,783
,34,,,10,4,4,34,,,,1,1,,289,,289,4,3,,275,,6913358815984,jesus_rap_1_4x5,6913347655784,FB_iOS_itoshi_rap_set1,6913347651784,FB_iOS_itoshi_rap_install,10,,0.862,"[{'action_type': 'outbound_click', 'value': '0.862'}]",0.862,2.155,0.253529,,0.029827,0.029827,2.155,,0.031345,0.862,14.224422,14.247934,1.650165,2025-11-30,2025-11-30,1.001653,606,1.650165,10,"[{'action_type': 'outbound_click', 'value': '10'}]","[{'action_type': 'outbound_click', 'value': '1.650165'}]",instagram,605,8.62,26,4,27,254,106,48
,,,,,,,,,,,,,,20,,20,1,1,,19,,6913358815984,jesus_rap_1_4x5,6913347655784,FB_iOS_itoshi_rap_set1,6913347651784,FB_iOS_itoshi_rap_install,0,,,,,,,,0.0135,0.0135,0.27,,0.014211,,10,10,0,2025-11-30,2025-11-30,1,27,,,,,threads,27,0.27,4,22,4,18,8,7
,,,,,,,,,,,,,,,,,,,,,,6913358999384,jesus_rap_2_4x5,6913347655784,FB_iOS_itoshi_rap_set1,6913347651784,FB_iOS_itoshi_rap_install,0,,,,,,,,,,,,,,0,0,0,2025-11-30,2025-11-30,1,2,,,,,facebook,2,0,,2,,,,
,,,,,,,,,,,,,,,,,,,,,,6913359259784,kendrick_4x5,6913347655784,FB_iOS_itoshi_rap_set1,6913347651784,FB_iOS_itoshi_rap_install,0,,,,,,,,,,,,,,20,20,0,2025-11-30,2025-11-30,1,2,,,,,facebook,2,0.04,,1,,,,
,,,,,,,,,,,,,,1,,1,,,,1,,6913359259784,kendrick_4x5,6913347655784,FB_iOS_itoshi_rap_set1,6913347651784,FB_iOS_itoshi_rap_install,0,,,,,,,,0.02,0.02,,,0.02,,20,20,0,2025-11-30,2025-11-30,1,1,,,,,instagram,1,0.02,,6,,1,1,1
,,,,,,,,,,,,,,,,,,,,,,6913866606184,tyson_rap_1_4x5 - Copy,6913866281784,FB_iOS_Purchase_itoshi_rap_221125,6913294159984,FB_iOS_Purchase_itoshi_v1_set6_211125,0,,,,,,,,,,,,,,16.666667,16.666667,0,2025-11-30,2025-11-30,1,3,,,,,facebook,3,0.05,,1,,,,
,,,,,,,,,,,,,,1,,1,,,,1,,6913866606184,tyson_rap_1_4x5 - Copy,6913866281784,FB_iOS_Purchase_itoshi_rap_221125,6913294159984,FB_iOS_Purchase_itoshi_v1_set6_211125,0,,,,,,,,0.03,0.03,,,0.03,,30,30,0,2025-11-30,2025-11-30,1,1,,,,,instagram,1,0.03,1,13,1,1,1,1
,,,,,,,,,,,,,,,,,,,,,,6913866606384,jesus_rap_2_4x5 - Copy,6913866281784,FB_iOS_Purchase_itoshi_rap_221125,6913294159984,FB_iOS_Purchase_itoshi_v1_set6_211125,0,,,,,,,,,,,,,,1620,1620,0,2025-11-30,2025-11-30,1,1,,,,,facebook,1,1.62,,1,,,,
,,,,,,,,,,,,,,,,,,,,,,6913866606384,jesus_rap_2_4x5 - Copy,6913866281784,FB_iOS_Purchase_itoshi_rap_221125,6913294159984,FB_iOS_Purchase_itoshi_v1_set6_211125,0,,,,,,,,,,,,,,240,240,0,2025-11-30,2025-11-30,1,2,,,,,instagram,2,0.48,,1,,,,
,2,,,3,,,2,,,,,,,68,,68,,,,65,,6913866606584,tyson_rap_2_4x5 - Copy,6913866281784,FB_iOS_Purchase_itoshi_rap_221125,6913294159984,FB_iOS_Purchase_itoshi_v1_set6_211125,2,,0.7,"[{'action_type': 'outbound_click', 'value': '0.7'}]",0.7,,1.05,,0.030882,0.030882,,,0.032308,1.05,22.826087,51.219512,2.173913,2025-11-30,2025-11-30,2.243902,92,3.26087,3,"[{'action_type': 'outbound_click', 'value': '3'}]","[{'action_type': 'outbound_click', 'value': '3.26087'}]",audience_network,41,2.1,12,6,14,60,40,25
,439,,,72,28,28,439,,,,,,,1445,,1445,12,12,,1361,,6913866606584,tyson_rap_2_4x5 - Copy,6913866281784,FB_iOS_Purchase_itoshi_rap_221125,6913294159984,FB_iOS_Purchase_itoshi_v1_set6_211125,69,"[{'action_type': 'subscribe_mobile_app', 'value': '26.7875'}, {'action_type': 'subscribe_total', 'value': '26.7875'}, {'action_type': 'start_trial_mobile_app', 'value': '13.39375'}, {'action_type': 'start_trial_total', 'value': '13.39375'}]",1.488194,"[{'action_type': 'outbound_click', 'value': '1.488194'}]",1.488194,3.826786,0.244077,,0.074152,0.074152,8.929167,,0.078729,1.552899,30.535765,32.45003,1.966372,2025-11-30,2025-11-30,1.062689,3509,2.051867,72,"[{'action_type': 'outbound_click', 'value': '72'}]","[{'action_type': 'outbound_click', 'value': '2.051867'}]",facebook,3302,107.15,289,4,275,1310,769,494
,18,,,8,1,1,18,,,,,,,306,,306,3,3,,295,,6913866606584,tyson_rap_2_4x5 - Copy,6913866281784,FB_iOS_Purchase_itoshi_rap_221125,6913294159984,FB_iOS_Purchase_itoshi_v1_set6_211125,10,,3.9725,"[{'action_type': 'outbound_click', 'value': '3.9725'}]",3.9725,31.78,1.765556,,0.103856,0.103856,10.593333,,0.107729,3.178,31.187439,31.465347,0.981354,2025-11-30,2025-11-30,1.008911,1019,0.785083,8,"[{'action_type': 'outbound_click', 'value': '8'}]","[{'action_type': 'outbound_click', 'value': '0.785083'}]",instagram,1010,31.78,31,3,31,279,105,68
,,,,,,,,,,,,,,95,,95,,,,95,,6913866606584,tyson_rap_2_4x5 - Copy,6913866281784,FB_iOS_Purchase_itoshi_rap_221125,6913294159984,FB_iOS_Purchase_itoshi_v1_set6_211125,0,,,,,,,,0.046,0.046,,,0.046,,25.406977,25.406977,0,2025-11-30,2025-11-30,1,172,,,,,threads,172,4.37,19,6,20,89,52,30
,492,4,1,49,23,23,492,,,,,,,2631,,2631,11,10,,2571,,6913866606784,jesus_rap_1_4x5 - Copy,6913866281784,FB_iOS_Purchase_itoshi_rap_221125,6913294159984,FB_iOS_Purchase_itoshi_v1_set6_211125,49,"[{'action_type': 'subscribe_mobile_app', 'value': '31.934'}, {'action_type': 'subscribe_total', 'value': '31.934'}, {'action_type': 'start_trial_mobile_app', 'value': '17.741111'}, {'action_type': 'start_trial_total', 'value': '17.741111'}]",3.258571,"[{'action_type': 'outbound_click', 'value': '3.258571'}]",3.258571,6.942174,0.324533,,0.060688,0.060688,14.515455,,0.062104,3.258571,21.272315,22.800228,0.652811,2025-11-30,2025-11-30,1.071826,7506,0.652811,49,"[{'action_type': 'outbound_click', 'value': '49'}]","[{'action_type': 'outbound_click', 'value': '0.652811'}]",facebook,7003,159.67,228,3,209,2435,1098,578
,271,,,36,14,14,271,,,,,,,1538,2,1538,6,4,,1496,,6913866606784,jesus_rap_1_4x5 - Copy,6913866281784,FB_iOS_Purchase_itoshi_rap_221125,6913294159984,FB_iOS_Purchase_itoshi_v1_set6_211125,45,"[{'action_type': 'subscribe_mobile_app', 'value': '20.082'}, {'action_type': 'subscribe_total', 'value': '20.082'}, {'action_type': 'start_trial_mobile_app', 'value': '16.735'}, {'action_type': 'start_trial_total', 'value': '16.735'}]",2.789167,"[{'action_type': 'outbound_click', 'value': '2.868857'}]",2.789167,7.172143,0.370517,,0.065286,0.065286,16.735,,0.067119,2.231333,22.170457,22.377981,0.993597,2025-11-30,2025-11-30,1.00936,4529,0.794877,36,"[{'action_type': 'outbound_click', 'value': '35'}]","[{'action_type': 'outbound_click', 'value': '0.772798'}]",instagram,4487,100.41,81,3,81,1406,481,240
,2,,,2,,,2,,,,,,,97,,97,,,,95,,6913866606784,jesus_rap_1_4x5 - Copy,6913866281784,FB_iOS_Purchase_itoshi_rap_221125,6913294159984,FB_iOS_Purchase_itoshi_v1_set6_211125,2,,2.005,"[{'action_type': 'outbound_click', 'value': '2.005'}]",2.005,,2.005,,0.04134,0.04134,,,0.042211,2.005,22.784091,22.784091,1.136364,2025-11-30,2025-11-30,1,176,1.136364,2,"[{'action_type': 'outbound_click', 'value': '2'}]","[{'action_type': 'outbound_click', 'value': '1.136364'}]",threads,176,4.01,21,6,21,90,55,30
,,,,,,,,,,,,,,,,,,,,,,6915585772384,tyson_rap_1_4x5,6915577150784,FB_iOS_Rap_StartTrial_set1_251125,6915577150584,FB_iOS_Rap_StartTrial_Set1_251125,0,,,,,,,,,,,,,,50,50,0,2025-11-30,2025-11-30,1,1,,,,,instagram,1,0.05,,2,,,,
,301,3,,44,20,20,301,,,,,,,1311,1,1311,13,12,,1254,,6915585772784,jesus_rap_1_4x5,6915577150784,FB_iOS_Rap_StartTrial_set1_251125,6915577150584,FB_iOS_Rap_StartTrial_Set1_251125,44,"[{'action_type': 'subscribe_mobile_app', 'value': '44.28'}, {'action_type': 'subscribe_total', 'value': '44.28'}, {'action_type': 'start_trial_mobile_app', 'value': '17.712'}, {'action_type': 'start_trial_total', 'value': '17.712'}]",2.012727,"[{'action_type': 'outbound_click', 'value': '2.012727'}]",2.012727,4.428,0.294219,,0.067551,0.067551,6.812308,,0.070622,2.012727,22.626469,25.045249,1.12417,2025-11-30,2025-11-30,1.1069,3914,1.12417,44,"[{'action_type': 'outbound_click', 'value': '44'}]","[{'action_type': 'outbound_click', 'value': '1.12417'}]",facebook,3536,88.56,161,3,143,1193,539,333
,5,,,3,1,1,5,,,,,,,142,,142,1,1,,138,,6915585772784,jesus_rap_1_4x5,6915577150784,FB_iOS_Rap_StartTrial_set1_251125,6915577150584,FB_iOS_Rap_StartTrial_Set1_251125,3,,3.503333,"[{'action_type': 'outbound_click', 'value': '3.503333'}]",3.503333,10.51,2.102,,0.074014,0.074014,10.51,,0.076159,3.503333,23.8322,24.16092,0.680272,2025-11-30,2025-11-30,1.013793,441,0.680272,3,"[{'action_type': 'outbound_click', 'value': '3'}]","[{'action_type': 'outbound_click', 'value': '0.680272'}]",instagram,435,10.51,11,3,11,125,54,26
,,,,,,,,,,,,,,44,,44,,,,44,,6915585772784,jesus_rap_1_4x5,6915577150784,FB_iOS_Rap_StartTrial_set1_251125,6915577150584,FB_iOS_Rap_StartTrial_Set1_251125,0,,,,,,,,0.043864,0.043864,,,0.043864,,18.921569,18.921569,0,2025-11-30,2025-11-30,1,102,,,,,threads,102,1.93,9,5,9,43,21,15
,,,,,,,,,,,,,,,,,,,,,,6915585772984,jesus_rap_2_4x5,6915577150784,FB_iOS_Rap_StartTrial_set1_251125,6915577150584,FB_iOS_Rap_StartTrial_Set1_251125,0,,,,,,,,,,,,,,10,10,0,2025-11-30,2025-11-30,1,2,,,,,facebook,2,0.02,,1,,,,
,,,,,,,,,,,,,,,,,,,,,,6915585772984,jesus_rap_2_4x5,6915577150784,FB_iOS_Rap_StartTrial_set1_251125,6915577150584,FB_iOS_Rap_StartTrial_Set1_251125,0,,,,,,,,,,,,,,560,560,0,2025-11-30,2025-11-30,1,1,,,,,instagram,1,0.56,,3,,,,
,,,,,,,,,,,,,,9,,9,,,,9,,6915585773184,tyson_rap_2_4x5,6915577150784,FB_iOS_Rap_StartTrial_set1_251125,6915577150584,FB_iOS_Rap_StartTrial_Set1_251125,0,,,,,,,,0.031111,0.031111,,,0.031111,,25.454545,28,0,2025-11-30,2025-11-30,1.1,11,,,,,audience_network,10,0.28,7,9,7,9,8,7
,277,1,,69,17,17,277,,,,,,,1309,,1309,10,10,,1230,,6915585773184,tyson_rap_2_4x5,6915577150784,FB_iOS_Rap_StartTrial_set1_251125,6915577150584,FB_iOS_Rap_StartTrial_Set1_251125,67,"[{'action_type': 'subscribe_mobile_app', 'value': '48.59'}, {'action_type': 'subscribe_total', 'value': '48.59'}, {'action_type': 'start_trial_mobile_app', 'value': '48.59'}, {'action_type': 'start_trial_total', 'value': '48.59'}]",1.408406,"[{'action_type': 'outbound_click', 'value': '1.408406'}]",1.408406,5.716471,0.35083,,0.07424,0.07424,9.718,,0.079008,1.450448,25.695399,27.718197,1.771549,2025-11-30,2025-11-30,1.078722,3782,1.824432,69,"[{'action_type': 'outbound_click', 'value': '69'}]","[{'action_type': 'outbound_click', 'value': '1.824432'}]",facebook,3506,97.18,197,4,185,1176,601,368
,2,,,2,,,2,,,,,,,113,,113,,,,111,,6915585773184,tyson_rap_2_4x5,6915577150784,FB_iOS_Rap_StartTrial_set1_251125,6915577150584,FB_iOS_Rap_StartTrial_Set1_251125,7,,4.605,"[{'action_type': 'outbound_click', 'value': '4.605'}]",4.605,,4.605,,0.081504,0.081504,,,0.082973,1.315714,23.435115,23.922078,1.78117,2025-11-30,2025-11-30,1.020779,393,0.508906,2,"[{'action_type': 'outbound_click', 'value': '2'}]","[{'action_type': 'outbound_click', 'value': '0.508906'}]",instagram,385,9.21,13,3,13,104,38,26
,,,,,,,,,,,,,,72,,72,,,,72,,6915585773184,tyson_rap_2_4x5,6915577150784,FB_iOS_Rap_StartTrial_set1_251125,6915577150584,FB_iOS_Rap_StartTrial_Set1_251125,0,,,,,,,,0.042778,0.042778,,,0.042778,,18.666667,18.666667,0,2025-11-30,2025-11-30,1,165,,,,,threads,165,3.08,14,5,15,71,41,28
,3,,,1,1,1,3,,,,,,,15,,15,,,,14,,6916143078584,jesus_rap_1_4x5_subtitles,6915577150784,FB_iOS_Rap_StartTrial_set1_251125,6915577150584,FB_iOS_Rap_StartTrial_Set1_251125,1,"[{'action_type': 'subscribe_mobile_app', 'value': '2.19'}, {'action_type': 'subscribe_total', 'value': '2.19'}, {'action_type': 'start_trial_mobile_app', 'value': '2.19'}, {'action_type': 'start_trial_total', 'value': '2.19'}]",2.19,"[{'action_type': 'outbound_click', 'value': '2.19'}]",2.19,2.19,0.73,,0.146,0.146,,,0.156429,2.19,39.818182,44.693878,1.818182,2025-11-30,2025-11-30,1.122449,55,1.818182,1,"[{'action_type': 'outbound_click', 'value': '1'}]","[{'action_type': 'outbound_click', 'value': '1.818182'}]",facebook,49,2.19,4,3,4,13,7,4
,2,,,1,,,2,,,,,,,3,,3,,,,2,,6916143078584,jesus_rap_1_4x5_subtitles,6915577150784,FB_iOS_Rap_StartTrial_set1_251125,6915577150584,FB_iOS_Rap_StartTrial_Set1_251125,2,,0.43,"[{'action_type': 'outbound_click', 'value': '0.43'}]",0.43,,0.215,,0.143333,0.143333,,,0.215,0.215,61.428571,61.428571,28.571429,2025-11-30,2025-11-30,1,7,14.285714,1,"[{'action_type': 'outbound_click', 'value': '1'}]","[{'action_type': 'outbound_click', 'value': '14.285714'}]",instagram,7,0.43,1,4,1,2,2,2
,,,,,,,,,,,,,,,,,,,,,,6916143078584,jesus_rap_1_4x5_subtitles,6915577150784,FB_iOS_Rap_StartTrial_set1_251125,6915577150584,FB_iOS_Rap_StartTrial_Set1_251125,0,,,,,,,,,,,,,,10,10,0,2025-11-30,2025-11-30,1,3,,,,,threads,3,0.03,,2,,,,
,,,,,,,,,,,,,,8,,8,,,,8,,6916143260984,tyson_rap_2_4x5_subtitles,6915577150784,FB_iOS_Rap_StartTrial_set1_251125,6915577150584,FB_iOS_Rap_StartTrial_Set1_251125,0,,,,,,,,0.215,0.215,,,0.215,,38.222222,40,0,2025-11-30,2025-11-30,1.046512,45,,,,,facebook,43,1.72,,2,,8,2,2
,,,,,,,,,,,,,,1,,1,,,,1,,6916143260984,tyson_rap_2_4x5_subtitles,6915577150784,FB_iOS_Rap_StartTrial_set1_251125,6915577150584,FB_iOS_Rap_StartTrial_Set1_251125,0,,,,,,,,0.05,0.05,,,0.05,,16.666667,16.666667,0,2025-11-30,2025-11-30,1,3,,,,,instagram,3,0.05,,1,,,,
,,,,,,,,,,,,,,,,,,,,,,6916143725584,jesus_rap_1_4x5_subtitles,6913347655784,FB_iOS_itoshi_rap_set1,6913347651784,FB_iOS_itoshi_rap_install,0,,,,,,,,,,,,,,20,20,0,2025-11-30,2025-11-30,1,1,,,,,facebook,1,0.02,,1,,,,
,,,,,,,,,,,,,,,,,,,,,,6916143725784,tyson_rap_2_4x5_subtitles,6913347655784,FB_iOS_itoshi_rap_set1,6913347651784,FB_iOS_itoshi_rap_install,0,,,,,,,,,,,,,,0,0,0,2025-11-30,2025-11-30,1,1,,,,,instagram,1,0,,1,,,,
,,,,,,,,,,,,,,,,,,,,,,6916144704984,jesus_rap_1_4x5_subtitles,6913866281784,FB_iOS_Purchase_itoshi_rap_221125,6913294159984,FB_iOS_Purchase_itoshi_v1_set6_211125,0,,,,,,,,,,,,,,40,40,0,2025-11-30,2025-11-30,1,1,,,,,instagram,1,0.04,,1,,,,
,,,,,,,,,,,,,,6,,6,,,,6,,6916163301184,02 blonde,6916162284184,FB_iOS_Purchase_itoshi_rap_female_261125,6913294159984,FB_iOS_Purchase_itoshi_v1_set6_211125,0,,,,,,,,0.275,0.275,,,0.275,,50,56.896552,0,2025-11-30,2025-11-30,1.137931,33,,,,,facebook,29,1.65,,2,,5,2,
,,,,,,,,,,,,,,1,,1,,,,1,,6916163301184,02 blonde,6916162284184,FB_iOS_Purchase_itoshi_rap_female_261125,6913294159984,FB_iOS_Purchase_itoshi_v1_set6_211125,0,,,,,,,,0.29,0.29,,,0.29,,32.222222,32.222222,0,2025-11-30,2025-11-30,1,9,,,,,instagram,9,0.29,,2,,1,1,1
,,,,,,,,,,,,,,2,,2,,,,2,,6916163301184,02 blonde,6916162284184,FB_iOS_Purchase_itoshi_rap_female_261125,6913294159984,FB_iOS_Purchase_itoshi_v1_set6_211125,0,,,,,,,,0.02,0.02,,,0.02,,13.333333,13.333333,0,2025-11-30,2025-11-30,1,3,,,,,threads,3,0.04,,7,,2,1,1
,,,,,,,,,,,,,,4,,4,,,,4,,6916167127784,06 fbg og,6916162284184,FB_iOS_Purchase_itoshi_rap_female_261125,6913294159984,FB_iOS_Purchase_itoshi_v1_set6_211125,0,,,,,,,,0.0525,0.0525,,,0.0525,,52.5,70,0,2025-11-30,2025-11-30,1.333333,4,,,,,audience_network,3,0.21,2,10,2,4,3,2
,514,3,,107,32,32,514,,,,,,,2354,2,2354,21,19,,2226,,6916167127784,06 fbg og,6916162284184,FB_iOS_Purchase_itoshi_rap_female_261125,6913294159984,FB_iOS_Purchase_itoshi_v1_set6_211125,103,"[{'action_type': 'subscribe_mobile_app', 'value': '25.623333'}, {'action_type': 'subscribe_total', 'value': '25.623333'}, {'action_type': 'start_trial_mobile_app', 'value': '13.976364'}, {'action_type': 'start_trial_total', 'value': '13.976364'}]",1.436822,"[{'action_type': 'outbound_click', 'value': '1.436822'}]",1.436822,4.804375,0.299105,,0.06531,0.06531,7.320952,,0.069066,1.492621,26.891726,28.292234,1.801644,2025-11-30,2025-11-30,1.05208,5717,1.871611,107,"[{'action_type': 'outbound_click', 'value': '107'}]","[{'action_type': 'outbound_click', 'value': '1.871611'}]",facebook,5434,153.74,300,4,272,1932,1098,873
,104,,,9,5,5,104,,,,,,,276,1,276,9,8,,258,,6916167127784,06 fbg og,6916162284184,FB_iOS_Purchase_itoshi_rap_female_261125,6913294159984,FB_iOS_Purchase_itoshi_v1_set6_211125,12,"[{'action_type': 'subscribe_mobile_app', 'value': '20.26'}, {'action_type': 'subscribe_total', 'value': '20.26'}, {'action_type': 'start_trial_mobile_app', 'value': '10.13'}, {'action_type': 'start_trial_total', 'value': '10.13'}]",2.251111,"[{'action_type': 'outbound_click', 'value': '2.251111'}]",2.251111,4.052,0.194808,,0.073406,0.073406,2.251111,,0.078527,1.688333,30.104012,31.905512,1.783061,2025-11-30,2025-11-30,1.059843,673,1.337296,9,"[{'action_type': 'outbound_click', 'value': '9'}]","[{'action_type': 'outbound_click', 'value': '1.337296'}]",instagram,635,20.26,26,4,26,220,114,89
,,,,,,,,,,,,,,48,,48,,,,48,,6916167127784,06 fbg og,6916162284184,FB_iOS_Purchase_itoshi_rap_female_261125,6913294159984,FB_iOS_Purchase_itoshi_v1_set6_211125,0,,,,,,,,0.0475,0.0475,,,0.0475,,28.148148,28.5,0,2025-11-30,2025-11-30,1.0125,81,,,,,threads,80,2.28,8,7,8,42,23,14
,,,,,,,,,,,,,,6,,6,,,,6,,6916167363584,07 black_4,6916162284184,FB_iOS_Purchase_itoshi_rap_female_261125,6913294159984,FB_iOS_Purchase_itoshi_v1_set6_211125,0,,,,,,,,0.02,0.02,,,0.02,,20,24,0,2025-11-30,2025-11-30,1.2,6,,,,,audience_network,5,0.12,1,8,1,6,4,1
,125,,,26,9,9,125,,,,,,,438,,438,1,1,,411,,6916167363584,07 black_4,6916162284184,FB_iOS_Purchase_itoshi_rap_female_261125,6913294159984,FB_iOS_Purchase_itoshi_v1_set6_211125,26,"[{'action_type': 'subscribe_mobile_app', 'value': '34.01'}, {'action_type': 'subscribe_total', 'value': '34.01'}, {'action_type': 'start_trial_mobile_app', 'value': '8.5025'}, {'action_type': 'start_trial_total', 'value': '8.5025'}]",1.308077,"[{'action_type': 'outbound_click', 'value': '1.308077'}]",1.308077,3.778889,0.27208,,0.077648,0.077648,34.01,,0.082749,1.308077,24.001411,25.571429,1.834862,2025-11-30,2025-11-30,1.065414,1417,1.834862,26,"[{'action_type': 'outbound_click', 'value': '26'}]","[{'action_type': 'outbound_click', 'value': '1.834862'}]",facebook,1330,34.01,63,3,59,359,221,156
,71,,,4,2,2,71,,,,,,,87,,87,1,1,,82,,6916167363584,07 black_4,6916162284184,FB_iOS_Purchase_itoshi_rap_female_261125,6913294159984,FB_iOS_Purchase_itoshi_v1_set6_211125,5,"[{'action_type': 'subscribe_mobile_app', 'value': '9.02'}, {'action_type': 'subscribe_total', 'value': '9.02'}, {'action_type': 'start_trial_mobile_app', 'value': '9.02'}, {'action_type': 'start_trial_total', 'value': '9.02'}]",2.255,"[{'action_type': 'outbound_click', 'value': '2.255'}]",2.255,4.51,0.127042,,0.103678,0.103678,9.02,,0.11,1.804,30.996564,31.538462,1.718213,2025-11-30,2025-11-30,1.017483,291,1.37457,4,"[{'action_type': 'outbound_click', 'value': '4'}]","[{'action_type': 'outbound_click', 'value': '1.37457'}]",instagram,286,9.02,11,4,11,72,37,28
,,,,1,,,,,,,,,,43,,43,,,,42,,6916167363584,07 black_4,6916162284184,FB_iOS_Purchase_itoshi_rap_female_261125,6913294159984,FB_iOS_Purchase_itoshi_v1_set6_211125,1,,2.05,"[{'action_type': 'outbound_click', 'value': '2.05'}]",2.05,,,,0.047674,0.047674,,,0.04881,2.05,27.333333,27.702703,1.333333,2025-11-30,2025-11-30,1.013514,75,1.333333,1,"[{'action_type': 'outbound_click', 'value': '1'}]","[{'action_type': 'outbound_click', 'value': '1.333333'}]",threads,74,2.05,6,6,6,38,20,14
,,,,1,,,,,,,,,,4,,4,,,,3,,6916167702784,08 aiartist3,6916162284184,FB_iOS_Purchase_itoshi_rap_female_261125,6913294159984,FB_iOS_Purchase_itoshi_v1_set6_211125,0,,0.79,"[{'action_type': 'outbound_click', 'value': '0.79'}]",0.79,,,,0.1975,0.1975,,,0.263333,,112.857143,131.666667,0,2025-11-30,2025-11-30,1.166667,7,14.285714,1,"[{'action_type': 'outbound_click', 'value': '1'}]","[{'action_type': 'outbound_click', 'value': '14.285714'}]",facebook,6,0.79,,4,,3,1,
,,,,,,,,,,,,,,1,,1,,,,1,,6916167702784,08 aiartist3,6916162284184,FB_iOS_Purchase_itoshi_rap_female_261125,6913294159984,FB_iOS_Purchase_itoshi_v1_set6_211125,0,,,,,,,,0.14,0.14,,,0.14,,35,35,0,2025-11-30,2025-11-30,1,4,,,,,instagram,4,0.14,,2,,1,,
,,,,,,,,,,,,,,1,,1,,,,1,,6916167702784,08 aiartist3,6916162284184,FB_iOS_Purchase_itoshi_rap_female_261125,6913294159984,FB_iOS_Purchase_itoshi_v1_set6_211125,0,,,,,,,,0.11,0.11,,,0.11,,110,110,0,2025-11-30,2025-11-30,1,1,,,,,threads,1,0.11,,6,,1,,
,,,,,,,,,,,,,,16,,16,,,,16,,6916168066184,12 Prerna,6916162284184,FB_iOS_Purchase_itoshi_rap_female_261125,6913294159984,FB_iOS_Purchase_itoshi_v1_set6_211125,0,,,,,,,,0.020629,0.020629,,,0.020629,,20.629206,47.15247,0,2025-11-30,2025-11-30,2.285714,16,,,,,audience_network,7,0.330067,4,9,6,16,10,6
,512,5,,81,34,34,512,,,,,,,1812,1,1812,19,18,,1712,,6916168066184,12 Prerna,6916162284184,FB_iOS_Purchase_itoshi_rap_female_261125,6913294159984,FB_iOS_Purchase_itoshi_v1_set6_211125,80,"[{'action_type': 'subscribe_mobile_app', 'value': '17.179217'}, {'action_type': 'subscribe_total', 'value': '17.179217'}, {'action_type': 'start_trial_mobile_app', 'value': '10.02121'}, {'action_type': 'start_trial_total', 'value': '10.02121'}]",1.484624,"[{'action_type': 'outbound_click', 'value': '1.484624'}]",1.484624,3.536898,0.234872,,0.066366,0.066366,6.329185,,0.070242,1.503181,25.306085,27.67016,1.683502,2025-11-30,2025-11-30,1.093419,4752,1.704545,81,"[{'action_type': 'outbound_click', 'value': '81'}]","[{'action_type': 'outbound_click', 'value': '1.704545'}]",facebook,4346,120.254517,242,4,228,1550,842,532
,324,,,34,20,20,324,,,,2,2,,820,1,820,13,10,,773,,6916168066184,12 Prerna,6916162284184,FB_iOS_Purchase_itoshi_rap_female_261125,6913294159984,FB_iOS_Purchase_itoshi_v1_set6_211125,52,"[{'action_type': 'subscribe_mobile_app', 'value': '18.171205'}, {'action_type': 'subscribe_total', 'value': '18.171205'}, {'action_type': 'start_trial_mobile_app', 'value': '9.085602'}, {'action_type': 'start_trial_total', 'value': '9.085602'}]",2.137789,"[{'action_type': 'outbound_click', 'value': '2.137789'}]",2.137789,3.634241,0.224336,,0.08864,0.08864,5.59114,,0.09403,1.397785,31.289203,33.495308,2.238485,2025-11-30,2025-11-30,1.070507,2323,1.463625,34,"[{'action_type': 'outbound_click', 'value': '34'}]","[{'action_type': 'outbound_click', 'value': '1.463625'}]",instagram,2170,72.684819,80,4,80,706,359,224
,,,,,,,,,,,,,,67,,67,,,,67,,6916168066184,12 Prerna,6916162284184,FB_iOS_Purchase_itoshi_rap_female_261125,6913294159984,FB_iOS_Purchase_itoshi_v1_set6_211125,0,,,,,,,,0.04374,0.04374,,,0.04374,,26.166049,26.401779,0,2025-11-30,2025-11-30,1.009009,112,,,,,threads,111,2.930597,16,14,16,65,41,26
,,,,,,,,,,,,,,1,,1,,,,1,,6916169150784,13 blonde,6916162284184,FB_iOS_Purchase_itoshi_rap_female_261125,6913294159984,FB_iOS_Purchase_itoshi_v1_set6_211125,0,,,,,,,,0.09,0.09,,,0.09,,30,30,0,2025-11-30,2025-11-30,1,3,,,,,facebook,3,0.09,,1,,,,
,,,,,,,,,,,,,,6,,6,,,,6,,6916170551184,14 blonde,6916162284184,FB_iOS_Purchase_itoshi_rap_female_261125,6913294159984,FB_iOS_Purchase_itoshi_v1_set6_211125,0,,,,,,,,0.14,0.14,,,0.14,,60,64.615385,0,2025-11-30,2025-11-30,1.076923,14,,,,,facebook,13,0.84,3,5,3,6,3,3
,,,,1,,,,,,,,,,4,,4,,,,3,,6916170551184,14 blonde,6916162284184,FB_iOS_Purchase_itoshi_rap_female_261125,6913294159984,FB_iOS_Purchase_itoshi_v1_set6_211125,1,,0.19,"[{'action_type': 'outbound_click', 'value': '0.19'}]",0.19,,,,0.0475,0.0475,,,0.063333,0.19,31.666667,31.666667,16.666667,2025-11-30,2025-11-30,1,6,16.666667,1,"[{'action_type': 'outbound_click', 'value': '1'}]","[{'action_type': 'outbound_click', 'value': '16.666667'}]",instagram,6,0.19,1,10,1,3,2,1
,,,,,,,,,,,,,,2,,2,,,,2,,6916170551184,14 blonde,6916162284184,FB_iOS_Purchase_itoshi_rap_female_261125,6913294159984,FB_iOS_Purchase_itoshi_v1_set6_211125,0,,,,,,,,0.09,0.09,,,0.09,,45,45,0,2025-11-30,2025-11-30,1,4,,,,,threads,4,0.18,,8,,2,2,1
,,,,,,,,,,,,,,10,,10,,,,10,,6916171454184,15 tyson,6913866281784,FB_iOS_Purchase_itoshi_rap_221125,6913294159984,FB_iOS_Purchase_itoshi_v1_set6_211125,0,,,,,,,,0.128,0.128,,,0.128,,27.234043,27.234043,0,2025-11-30,2025-11-30,1,47,,,,,facebook,47,1.28,1,2,,10,4,2
,,,,,,,,,,,,,,,,,,,,,,6916171454184,15 tyson,6913866281784,FB_iOS_Purchase_itoshi_rap_221125,6913294159984,FB_iOS_Purchase_itoshi_v1_set6_211125,0,,,,,,,,,,,,,,20,20,0,2025-11-30,2025-11-30,1,4,,,,,instagram,4,0.08,,1,,,,
,,,,,,,,,,,,,,,,,,,,,,6916171835184,16 Curry,6913866281784,FB_iOS_Purchase_itoshi_rap_221125,6913294159984,FB_iOS_Purchase_itoshi_v1_set6_211125,0,,,,,,,,,,,,,,10,10,0,2025-11-30,2025-11-30,1,2,,,,,facebook,2,0.02,,1,,,,
,,,,,,,,,,,,,,10,,10,,,,10,,6916172721984,11 black baby,6916172721584,FB_iOS_Purchase_itoshi_rap_baby_261125,6913294159984,FB_iOS_Purchase_itoshi_v1_set6_211125,0,,,,,,,,0.074,0.074,,,0.074,,67.272727,92.5,0,2025-11-30,2025-11-30,1.375,11,,,,,audience_network,8,0.74,2,7,2,9,6,2
,27,,1,13,2,2,27,,,,,,,235,1,235,9,7,,213,,6916172721984,11 black baby,6916172721584,FB_iOS_Purchase_itoshi_rap_baby_261125,6913294159984,FB_iOS_Purchase_itoshi_v1_set6_211125,13,"[{'action_type': 'subscribe_mobile_app', 'value': '31.88'}, {'action_type': 'subscribe_total', 'value': '31.88'}, {'action_type': 'start_trial_mobile_app', 'value': '31.88'}, {'action_type': 'start_trial_total', 'value': '31.88'}]",2.452308,"[{'action_type': 'outbound_click', 'value': '2.452308'}]",2.452308,15.94,1.180741,,0.13566,0.13566,3.542222,,0.149671,2.452308,40.35443,46.404658,1.64557,2025-11-30,2025-11-30,1.149927,790,1.64557,13,"[{'action_type': 'outbound_click', 'value': '13'}]","[{'action_type': 'outbound_click', 'value': '1.64557'}]",facebook,687,31.88,36,3,35,190,106,69
,9,,,3,1,1,9,,,,,,,87,,87,1,1,,83,,6916172721984,11 black baby,6916172721584,FB_iOS_Purchase_itoshi_rap_baby_261125,6913294159984,FB_iOS_Purchase_itoshi_v1_set6_211125,4,"[{'action_type': 'subscribe_mobile_app', 'value': '14.26'}, {'action_type': 'subscribe_total', 'value': '14.26'}, {'action_type': 'start_trial_mobile_app', 'value': '14.26'}, {'action_type': 'start_trial_total', 'value': '14.26'}]",4.753333,"[{'action_type': 'outbound_click', 'value': '4.753333'}]",4.753333,14.26,1.584444,,0.163908,0.163908,14.26,,0.171807,3.565,44.984227,46.449511,1.26183,2025-11-30,2025-11-30,1.032573,317,0.946372,3,"[{'action_type': 'outbound_click', 'value': '3'}]","[{'action_type': 'outbound_click', 'value': '0.946372'}]",instagram,307,14.26,7,3,7,74,38,26
,,,,,,,,,,,,,,43,,43,1,1,,42,,6916172721984,11 black baby,6916172721584,FB_iOS_Purchase_itoshi_rap_baby_261125,6913294159984,FB_iOS_Purchase_itoshi_v1_set6_211125,0,,,,,,,,0.045349,0.045349,1.95,,0.046429,,27.464789,27.857143,0,2025-11-30,2025-11-30,1.014286,71,,,,,threads,70,1.95,12,8,12,39,30,23
,339,2,,77,27,27,339,,,,,,,1358,1,1358,7,6,,1274,,6916177448584,10 Asian baby - Copy,6916176486384,FB_iOS_itoshi_rap_baby,6913347651784,FB_iOS_itoshi_rap_install,72,"[{'action_type': 'subscribe_mobile_app', 'value': '14.965339'}, {'action_type': 'subscribe_total', 'value': '14.965339'}, {'action_type': 'start_trial_mobile_app', 'value': '14.965339'}, {'action_type': 'start_trial_total', 'value': '14.965339'}]",0.583065,"[{'action_type': 'outbound_click', 'value': '0.583065'}]",0.583065,1.662815,0.132437,,0.03306,0.03306,6.413717,,0.03524,0.623556,11.260601,12.13078,1.805869,2025-11-30,2025-11-30,1.077276,3987,1.931277,77,"[{'action_type': 'outbound_click', 'value': '77'}]","[{'action_type': 'outbound_click', 'value': '1.931277'}]",facebook,3701,44.896018,148,3,132,1117,531,323
,9,,,10,2,2,9,,,,,,,93,1,93,3,2,,80,,6916177448584,10 Asian baby - Copy,6916176486384,FB_iOS_itoshi_rap_baby,6913347651784,FB_iOS_itoshi_rap_install,10,"[{'action_type': 'start_trial_mobile_app', 'value': '3.933155'}, {'action_type': 'start_trial_total', 'value': '3.933155'}]",0.393316,"[{'action_type': 'outbound_click', 'value': '0.393316'}]",0.393316,1.966578,0.437017,,0.042292,0.042292,1.311052,,0.049164,0.393316,16.953256,17.558729,4.310345,2025-11-30,2025-11-30,1.035714,232,4.310345,10,"[{'action_type': 'outbound_click', 'value': '10'}]","[{'action_type': 'outbound_click', 'value': '4.310345'}]",instagram,224,3.933155,6,4,6,64,33,16
,,,,1,,,,,,,,,,33,,33,1,1,,31,,6916177448584,10 Asian baby - Copy,6916176486384,FB_iOS_itoshi_rap_baby,6913347651784,FB_iOS_itoshi_rap_install,1,,1.030827,"[{'action_type': 'outbound_click', 'value': '1.030827'}]",1.030827,,,,0.031237,0.031237,1.030827,,0.033252,1.030827,15.15922,15.385477,1.470588,2025-11-30,2025-11-30,1.014925,68,1.470588,1,"[{'action_type': 'outbound_click', 'value': '1'}]","[{'action_type': 'outbound_click', 'value': '1.470588'}]",threads,67,1.030827,5,5,5,28,14,8
,7,,,3,,,7,,,,,,,14,,14,,,,11,,6916177884584,08 aiartist3 - Copy,6916176936184,FB_iOS_itoshi_rap_female,6913347651784,FB_iOS_itoshi_rap_install,3,,0.353333,"[{'action_type': 'outbound_click', 'value': '0.353333'}]",0.353333,,0.151429,,0.075714,0.075714,,,0.096364,0.353333,26.5,29.444444,7.5,2025-11-30,2025-11-30,1.111111,40,7.5,3,"[{'action_type': 'outbound_click', 'value': '3'}]","[{'action_type': 'outbound_click', 'value': '7.5'}]",facebook,36,1.06,2,3,2,9,5,4
,,,,2,,,,,,,,,,8,,8,,,,6,,6916177884584,08 aiartist3 - Copy,6916176936184,FB_iOS_itoshi_rap_female,6913347651784,FB_iOS_itoshi_rap_install,2,,0.26,"[{'action_type': 'outbound_click', 'value': '0.26'}]",0.26,,,,0.065,0.065,,,0.086667,0.26,40,40,15.384615,2025-11-30,2025-11-30,1,13,15.384615,2,"[{'action_type': 'outbound_click', 'value': '2'}]","[{'action_type': 'outbound_click', 'value': '15.384615'}]",instagram,13,0.52,1,4,1,5,3,1
,,,,,,,,,,,,,,1,,1,,,,1,,6916177884584,08 aiartist3 - Copy,6916176936184,FB_iOS_itoshi_rap_female,6913347651784,FB_iOS_itoshi_rap_install,0,,,,,,,,0.02,0.02,,,0.02,,20,20,0,2025-11-30,2025-11-30,1,1,,,,,threads,1,0.02,,13,,1,1,1
,,,,,,,,,,,,,,2,,2,,,,2,,6916177884784,18 esha - Copy,6916176936184,FB_iOS_itoshi_rap_female,6913347651784,FB_iOS_itoshi_rap_install,0,,,,,,,,0.03,0.03,,,0.03,,12,12,0,2025-11-30,2025-11-30,1,5,,,,,facebook,5,0.06,,3,,2,,
,,,,,,,,,,,,,,1,,1,,,,1,,6916177884784,18 esha - Copy,6916176936184,FB_iOS_itoshi_rap_female,6913347651784,FB_iOS_itoshi_rap_install,0,,,,,,,,0.02,0.02,,,0.02,,20,20,0,2025-11-30,2025-11-30,1,1,,,,,instagram,1,0.02,,4,,1,,
,,,,,,,,,,,,,,,,,,,,,,6916177884984,14 blonde - Copy,6916176936184,FB_iOS_itoshi_rap_female,6913347651784,FB_iOS_itoshi_rap_install,0,,,,,,,,,,,,,,20,20,0,2025-11-30,2025-11-30,1,1,,,,,facebook,1,0.02,,2,,,,
,,,,,,,,,,,,,,,,,,,,,,6916177884984,14 blonde - Copy,6916176936184,FB_iOS_itoshi_rap_female,6913347651784,FB_iOS_itoshi_rap_install,0,,,,,,,,,,,,,,20,20,0,2025-11-30,2025-11-30,1,1,,,,,instagram,1,0.02,,1,,,,
,,,,,,,,,,,,,,2,,2,,,,2,,6916177885184,12 Prerna - Copy,6916176936184,FB_iOS_itoshi_rap_female,6913347651784,FB_iOS_itoshi_rap_install,0,,,,,,,,0.02,0.02,,,0.02,,20,20,0,2025-11-30,2025-11-30,1,2,,,,,facebook,2,0.04,,9,,2,2,1
,,,,,,,,,,,,,,,,,,,,,,6916177885184,12 Prerna - Copy,6916176936184,FB_iOS_itoshi_rap_female,6913347651784,FB_iOS_itoshi_rap_install,0,,,,,,,,,,,,,,0,0,0,2025-11-30,2025-11-30,1,1,,,,,instagram,1,0,,2,,,,
,183,1,,51,17,17,183,,,,1,1,,683,2,683,7,4,,625,,6916177885984,07 black_4 - Copy,6916176936184,FB_iOS_itoshi_rap_female,6913347651784,FB_iOS_itoshi_rap_install,49,"[{'action_type': 'subscribe_mobile_app', 'value': '10.699638'}, {'action_type': 'subscribe_total', 'value': '10.699638'}, {'action_type': 'start_trial_mobile_app', 'value': '7.133092'}, {'action_type': 'start_trial_total', 'value': '7.133092'}]",0.419594,"[{'action_type': 'outbound_click', 'value': '0.419594'}]",0.419594,1.258781,0.116936,,0.031331,0.031331,3.057039,,0.034239,0.43672,12.506882,13.0563,2.863822,2025-11-30,2025-11-30,1.043929,1711,2.980713,51,"[{'action_type': 'outbound_click', 'value': '51'}]","[{'action_type': 'outbound_click', 'value': '2.980713'}]",facebook,1639,21.399276,86,4,80,525,302,215
,2,,,1,,,2,,,,,,,16,,16,1,1,,14,,6916177885984,07 black_4 - Copy,6916176936184,FB_iOS_itoshi_rap_female,6913347651784,FB_iOS_itoshi_rap_install,1,,1.620703,"[{'action_type': 'outbound_click', 'value': '1.620703'}]",1.620703,,0.810351,,0.101294,0.101294,1.620703,,0.115764,1.620703,19.067088,20.008673,1.176471,2025-11-30,2025-11-30,1.049383,85,1.176471,1,"[{'action_type': 'outbound_click', 'value': '1'}]","[{'action_type': 'outbound_click', 'value': '1.176471'}]",instagram,81,1.620703,,2,,10,3,3
,,,,,,,,,,,,,,1,,1,,,,1,,6916177885984,07 black_4 - Copy,6916176936184,FB_iOS_itoshi_rap_female,6913347651784,FB_iOS_itoshi_rap_install,0,,,,,,,,0.050022,0.050022,,,0.050022,,12.505421,12.505421,0,2025-11-30,2025-11-30,1,4,,,,,threads,4,0.050022,,2,,1,,
,3,,,1,1,1,3,,,,,,,9,,9,,,,8,,6916177886184,06 fbg og - Copy,6916176936184,FB_iOS_itoshi_rap_female,6913347651784,FB_iOS_itoshi_rap_install,1,,0.090011,"[{'action_type': 'outbound_click', 'value': '0.090011'}]",0.090011,0.090011,0.030004,,0.010001,0.010001,,,0.011251,0.090011,11.251387,18.002219,12.5,2025-11-30,2025-11-30,1.6,8,12.5,1,"[{'action_type': 'outbound_click', 'value': '1'}]","[{'action_type': 'outbound_click', 'value': '12.5'}]",audience_network,5,0.090011,1,7,1,8,3,1
,2651,26,2,688,242,242,2651,,,,5,5,,14678,20,14678,245,218,,13745,,6916177886184,06 fbg og - Copy,6916176936184,FB_iOS_itoshi_rap_female,6913347651784,FB_iOS_itoshi_rap_install,668,"[{'action_type': 'subscribe_mobile_app', 'value': '13.553522'}, {'action_type': 'subscribe_total', 'value': '13.553522'}, {'action_type': 'start_trial_mobile_app', 'value': '8.132113'}, {'action_type': 'start_trial_total', 'value': '8.132113'}]",0.531897,"[{'action_type': 'outbound_click', 'value': '0.531897'}]",0.531897,1.51217,0.13804,,0.024932,0.024932,1.493653,,0.026624,0.547822,12.752922,13.2584,2.327932,2025-11-30,2025-11-30,1.039636,28695,2.39763,688,"[{'action_type': 'outbound_click', 'value': '688'}]","[{'action_type': 'outbound_click', 'value': '2.39763'}]",facebook,27601,365.945103,2203,5,2019,12310,7104,5725
,269,,,63,18,18,269,,,,1,1,,1264,1,1264,28,26,,1173,,6916177886184,06 fbg og - Copy,6916176936184,FB_iOS_itoshi_rap_female,6913347651784,FB_iOS_itoshi_rap_install,73,"[{'action_type': 'subscribe_mobile_app', 'value': '19.082352'}, {'action_type': 'subscribe_total', 'value': '19.082352'}, {'action_type': 'start_trial_mobile_app', 'value': '12.721568'}, {'action_type': 'start_trial_total', 'value': '12.721568'}]",0.605789,"[{'action_type': 'outbound_click', 'value': '0.605789'}]",0.605789,2.120261,0.141876,,0.030194,0.030194,1.363025,,0.032536,0.522804,17.022615,17.571226,3.256021,2025-11-30,2025-11-30,1.032228,2242,2.809991,63,"[{'action_type': 'outbound_click', 'value': '63'}]","[{'action_type': 'outbound_click', 'value': '2.809991'}]",instagram,2172,38.164704,162,6,162,1057,573,448
,,,,,,,,,,,,,,55,,55,1,1,,54,,6916177886184,06 fbg og - Copy,6916176936184,FB_iOS_itoshi_rap_female,6913347651784,FB_iOS_itoshi_rap_install,0,,,,,,,,0.026912,0.026912,1.480182,,0.027411,,14.096976,14.096976,0,2025-11-30,2025-11-30,1,105,,,,,threads,105,1.480182,11,6,11,46,26,15
,4,,,1,1,1,4,,,,,,,3,,3,,,,2,,6916177886384,02 blonde - Copy,6916176936184,FB_iOS_itoshi_rap_female,6913347651784,FB_iOS_itoshi_rap_install,1,,0.03,"[{'action_type': 'outbound_click', 'value': '0.03'}]",0.03,0.03,0.0075,,0.01,0.01,,,0.015,0.03,10,10,33.333333,2025-11-30,2025-11-30,1,3,33.333333,1,"[{'action_type': 'outbound_click', 'value': '1'}]","[{'action_type': 'outbound_click', 'value': '33.333333'}]",facebook,3,0.03,2,16,2,2,2,2
,,,,,,,,,,,,,,1,,1,,,,1,,6916177886584,01 Esha - Copy,6916176936184,FB_iOS_itoshi_rap_female,6913347651784,FB_iOS_itoshi_rap_install,0,,,,,,,,0,0,,,0,,0,0,0,2025-11-30,2025-11-30,1,2,,,,,facebook,2,0,,7,,1,1,1
,,,,,,,,,,,,,,2,,2,,,,2,,6916856622384,01 Jesus_rapGod,6916855007184,FB_iOS_itoshi_rap_set2_271125,6913347651784,FB_iOS_itoshi_rap_install,0,,,,,,,,0.075,0.075,,,0.075,,21.428571,21.428571,0,2025-11-30,2025-11-30,1,7,,,,,facebook,7,0.15,,2,,2,,
,,,,,,,,,,,,,,1,,1,,,,1,,6916856622384,01 Jesus_rapGod,6916855007184,FB_iOS_itoshi_rap_set2_271125,6913347651784,FB_iOS_itoshi_rap_install,0,,,,,,,,0.09,0.09,,,0.09,,18,18,0,2025-11-30,2025-11-30,1,5,,,,,instagram,5,0.09,,3,,1,1,1
,,,,,,,,,,,,,,,,,,,,,,6916857336784,01 Santa_slim,6916855007184,FB_iOS_itoshi_rap_set2_271125,6913347651784,FB_iOS_itoshi_rap_install,0,,,,,,,,,,,,,,10,10,0,2025-11-30,2025-11-30,1,1,,,,,facebook,1,0.01,,1,,,,
,355,3,1,81,27,27,355,,,,1,1,,1884,2,1884,21,17,,1782,,6916858590184,02 Eddie_Snoop,6916855007184,FB_iOS_itoshi_rap_set2_271125,6913347651784,FB_iOS_itoshi_rap_install,76,"[{'action_type': 'subscribe_mobile_app', 'value': '37.24'}, {'action_type': 'subscribe_total', 'value': '37.24'}, {'action_type': 'start_trial_mobile_app', 'value': '12.413333'}, {'action_type': 'start_trial_total', 'value': '12.413333'}]",0.459753,"[{'action_type': 'outbound_click', 'value': '0.459753'}]",0.459753,1.379259,0.104901,,0.019766,0.019766,1.773333,,0.020898,0.49,10.247661,10.287293,2.091359,2025-11-30,2025-11-30,1.003867,3634,2.228949,81,"[{'action_type': 'outbound_click', 'value': '81'}]","[{'action_type': 'outbound_click', 'value': '2.228949'}]",facebook,3620,37.24,202,5,186,1636,1005,688
,65,,,16,6,6,65,,,,1,1,,404,1,404,10,8,,378,,6916858590184,02 Eddie_Snoop,6916855007184,FB_iOS_itoshi_rap_set2_271125,6913347651784,FB_iOS_itoshi_rap_install,18,"[{'action_type': 'subscribe_mobile_app', 'value': '10.97'}, {'action_type': 'subscribe_total', 'value': '10.97'}, {'action_type': 'start_trial_mobile_app', 'value': '5.485'}, {'action_type': 'start_trial_total', 'value': '5.485'}]",0.685625,"[{'action_type': 'outbound_click', 'value': '0.685625'}]",0.685625,1.828333,0.168769,,0.027153,0.027153,1.097,,0.029021,0.609444,12.921084,13.52651,2.120141,2025-11-30,2025-11-30,1.046856,849,1.88457,16,"[{'action_type': 'outbound_click', 'value': '16'}]","[{'action_type': 'outbound_click', 'value': '1.88457'}]",instagram,811,10.97,43,5,43,337,174,116
,,,,,,,,,,,,,,36,,36,,,,36,,6916858590184,02 Eddie_Snoop,6916855007184,FB_iOS_itoshi_rap_set2_271125,6913347651784,FB_iOS_itoshi_rap_install,0,,,,,,,,0.025,0.025,,,0.025,,11.538462,11.538462,0,2025-11-30,2025-11-30,1,78,,,,,threads,78,0.9,1,4,1,32,12,4
,,,,,,,,,,,,,,,,,,,,,,6916859158784,02 Mike_rapGod,6916855007184,FB_iOS_itoshi_rap_set2_271125,6913347651784,FB_iOS_itoshi_rap_install,0,,,,,,,,,,,,,,20,20,0,2025-11-30,2025-11-30,1,1,,,,,facebook,1,0.02,,2,,,,
,,,,,,,,,,,,,,,,,,,,,,6916859158784,02 Mike_rapGod,6916855007184,FB_iOS_itoshi_rap_set2_271125,6913347651784,FB_iOS_itoshi_rap_install,0,,,,,,,,,,,,,,10,10,0,2025-11-30,2025-11-30,1,1,,,,,instagram,1,0.01,,1,,,,
,,,,,,,,,,,,,,1,,1,,,,1,,6916860073184,02 Mike_sicko,6916855007184,FB_iOS_itoshi_rap_set2_271125,6913347651784,FB_iOS_itoshi_rap_install,0,,,,,,,,0.03,0.03,,,0.03,,7.5,7.5,0,2025-11-30,2025-11-30,1,4,,,,,facebook,4,0.03,,3,,1,1,
,,,,,,,,,,,,,,1,,1,,,,1,,6916860754984,02 snoop_loseYourself,6916855007184,FB_iOS_itoshi_rap_set2_271125,6913347651784,FB_iOS_itoshi_rap_install,0,,,,,,,,0.02,0.02,,,0.02,,10,10,0,2025-11-30,2025-11-30,1,2,,,,,facebook,2,0.02,,3,,1,,
,,,,,,,,,,,,,,1,,1,,,,1,,6916860754984,02 snoop_loseYourself,6916855007184,FB_iOS_itoshi_rap_set2_271125,6913347651784,FB_iOS_itoshi_rap_install,0,,,,,,,,0,0,,,0,,0,0,0,2025-11-30,2025-11-30,1,1,,,,,instagram,1,0,,5,,1,,
,,,,,,,,,,,,,,2,,2,,,,2,,6916861420184,02 Timothy_slim,6916855007184,FB_iOS_itoshi_rap_set2_271125,6913347651784,FB_iOS_itoshi_rap_install,0,,,,,,,,0.1,0.1,,,0.1,,15.384615,22.222222,0,2025-11-30,2025-11-30,1.444444,13,,,,,facebook,9,0.2,1,3,1,2,2,2
,,,,1,,,,,,,,,,6,,6,,,,5,,6916861420184,02 Timothy_slim,6916855007184,FB_iOS_itoshi_rap_set2_271125,6913347651784,FB_iOS_itoshi_rap_install,1,,0.19,"[{'action_type': 'outbound_click', 'value': '0.19'}]",0.19,,,,0.031667,0.031667,,,0.038,0.19,11.875,12.666667,6.25,2025-11-30,2025-11-30,1.066667,16,6.25,1,"[{'action_type': 'outbound_click', 'value': '1'}]","[{'action_type': 'outbound_click', 'value': '6.25'}]",instagram,15,0.19,,2,,2,1,1
,,,,,,,,,,,,,,2,,2,,,,2,,6916861420184,02 Timothy_slim,6916855007184,FB_iOS_itoshi_rap_set2_271125,6913347651784,FB_iOS_itoshi_rap_install,0,,,,,,,,0.005,0.005,,,0.005,,3.333333,3.333333,0,2025-11-30,2025-11-30,1,3,,,,,threads,3,0.01,,7,,2,1,
,,,,1,,,,,,,,,,25,,25,,,,24,,6916862364784,03 Mike_gin,6916855007184,FB_iOS_itoshi_rap_set2_271125,6913347651784,FB_iOS_itoshi_rap_install,1,,0.867526,"[{'action_type': 'outbound_click', 'value': '0.867526'}]",0.867526,,,,0.034701,0.034701,,,0.036147,0.867526,10.981339,11.883915,1.265823,2025-11-30,2025-11-30,1.082192,79,1.265823,1,"[{'action_type': 'outbound_click', 'value': '1'}]","[{'action_type': 'outbound_click', 'value': '1.265823'}]",facebook,73,0.867526,2,3,2,19,8,6
,,,,,,,,,,,,,,,,,,,,,,6916862364784,03 Mike_gin,6916855007184,FB_iOS_itoshi_rap_set2_271125,6913347651784,FB_iOS_itoshi_rap_install,0,,,,,,,,,,,,,,10.206186,10.206186,0,2025-11-30,2025-11-30,1,2,,,,,instagram,2,0.020412,,2,,,,
,,,,,,,,,,,,,,,,,,,,,,6916862364784,03 Mike_gin,6916855007184,FB_iOS_itoshi_rap_set2_271125,6913347651784,FB_iOS_itoshi_rap_install,0,,,,,,,,,,,,,,102.061856,102.061856,0,2025-11-30,2025-11-30,1,1,,,,,threads,1,0.102062,,1,,,,
,,,,1,,,,,,,,,,28,,28,1,1,,26,,6916863115584,03 Snoop_sicko,6916855007184,FB_iOS_itoshi_rap_set2_271125,6913347651784,FB_iOS_itoshi_rap_install,1,,0.5,"[{'action_type': 'outbound_click', 'value': '0.5'}]",0.5,,,,0.017857,0.017857,0.5,,0.019231,0.5,8.77193,8.77193,1.754386,2025-11-30,2025-11-30,1,57,1.754386,1,"[{'action_type': 'outbound_click', 'value': '1'}]","[{'action_type': 'outbound_click', 'value': '1.754386'}]",facebook,57,0.5,,3,,22,9,3
,,,,,,,,,,,,,,1,,1,,,,1,,6916863115584,03 Snoop_sicko,6916855007184,FB_iOS_itoshi_rap_set2_271125,6913347651784,FB_iOS_itoshi_rap_install,0,,,,,,,,0.06,0.06,,,0.06,,10,10,0,2025-11-30,2025-11-30,1,6,,,,,instagram,6,0.06,,2,,1,,
,,,,,,,,,,,,,,,,,,,,,,6916863115584,03 Snoop_sicko,6916855007184,FB_iOS_itoshi_rap_set2_271125,6913347651784,FB_iOS_itoshi_rap_install,0,,,,,,,,,,,,,,5,5,0,2025-11-30,2025-11-30,1,4,,,,,threads,4,0.02,,2,,,,
,1584,14,1,456,151,151,1584,,,,2,2,,10764,21,10764,232,208,,10076,,6916864174784,04 Morgan_Gin,6916855007184,FB_iOS_itoshi_rap_set2_271125,6913347651784,FB_iOS_itoshi_rap_install,448,"[{'action_type': 'subscribe_mobile_app', 'value': '23.948896'}, {'action_type': 'subscribe_total', 'value': '23.948896'}, {'action_type': 'start_trial_mobile_app', 'value': '15.965931'}, {'action_type': 'start_trial_total', 'value': '15.965931'}]",0.525195,"[{'action_type': 'outbound_click', 'value': '0.525195'}]",0.525195,1.58602,0.151193,,0.022249,0.022249,1.03228,,0.023768,0.534574,11.065935,11.873523,2.070049,2025-11-30,2025-11-30,1.07298,21642,2.107014,456,"[{'action_type': 'outbound_click', 'value': '456'}]","[{'action_type': 'outbound_click', 'value': '2.107014'}]",facebook,20170,239.48896,1336,5,1194,9275,5536,3459
,325,,,41,19,19,325,,,,4,4,,840,2,840,36,30,,763,,6916864174784,04 Morgan_Gin,6916855007184,FB_iOS_itoshi_rap_set2_271125,6913347651784,FB_iOS_itoshi_rap_install,49,"[{'action_type': 'subscribe_mobile_app', 'value': '12.865481'}, {'action_type': 'subscribe_total', 'value': '12.865481'}, {'action_type': 'start_trial_mobile_app', 'value': '12.865481'}, {'action_type': 'start_trial_total', 'value': '12.865481'}]",0.627584,"[{'action_type': 'outbound_click', 'value': '0.627584'}]",0.627584,1.354261,0.079172,,0.030632,0.030632,0.714749,,0.033723,0.525122,13.984219,14.208152,2.663043,2025-11-30,2025-11-30,1.016013,1840,2.228261,41,"[{'action_type': 'outbound_click', 'value': '41'}]","[{'action_type': 'outbound_click', 'value': '2.228261'}]",instagram,1811,25.730963,90,4,90,709,383,237
,,,,,,,,,,,,,,,,,,,,,,6916864174784,04 Morgan_Gin,6916855007184,FB_iOS_itoshi_rap_set2_271125,6913347651784,FB_iOS_itoshi_rap_install,0,,,,,,,,,,,,,,6.666916,6.666916,0,2025-11-30,2025-11-30,1,6,,,,,messenger,6,0.040002,,,,,,
,,,,1,,,,,,,,,,110,,110,,,,109,,6916864174784,04 Morgan_Gin,6916855007184,FB_iOS_itoshi_rap_set2_271125,6913347651784,FB_iOS_itoshi_rap_install,1,,2.020076,"[{'action_type': 'outbound_click', 'value': '2.020076'}]",2.020076,,,,0.018364,0.018364,,,0.018533,2.020076,9.665433,9.665433,0.478469,2025-11-30,2025-11-30,1,209,0.478469,1,"[{'action_type': 'outbound_click', 'value': '1'}]","[{'action_type': 'outbound_click', 'value': '0.478469'}]",threads,209,2.020076,16,5,16,99,46,29
,,,,1,1,1,,,,,,,,23,,23,1,1,,21,,6916865002784,04 will_rapGod,6916855007184,FB_iOS_itoshi_rap_set2_271125,6913347651784,FB_iOS_itoshi_rap_install,1,,0.63,"[{'action_type': 'outbound_click', 'value': '0.63'}]",0.63,0.63,,,0.027391,0.027391,0.63,,0.03,0.63,12.115385,12.352941,1.923077,2025-11-30,2025-11-30,1.019608,52,1.923077,1,"[{'action_type': 'outbound_click', 'value': '1'}]","[{'action_type': 'outbound_click', 'value': '1.923077'}]",facebook,51,0.63,2,4,1,16,10,5
,,,,,,,,,,,,,,,,,,,,,,6916865002784,04 will_rapGod,6916855007184,FB_iOS_itoshi_rap_set2_271125,6913347651784,FB_iOS_itoshi_rap_install,0,,,,,,,,,,,,,,14.545455,14.545455,0,2025-11-30,2025-11-30,1,11,,,,,instagram,11,0.16,,1,,,,
,,,,,,,,,,,,,,,,,,,,,,6916865002784,04 will_rapGod,6916855007184,FB_iOS_itoshi_rap_set2_271125,6913347651784,FB_iOS_itoshi_rap_install,0,,,,,,,,,,,,,,10,10,0,2025-11-30,2025-11-30,1,2,,,,,threads,2,0.02,,1,,,,
,,,,,,,,,,,,,,,,,,,,,,6917461954184,01 Bob_snoop - Copy,6917461491184,FB_iOS_Rap_StartTrial_set2_281125,6915577150584,FB_iOS_Rap_StartTrial_Set1_251125,0,,,,,,,,,,,,,,10,10,0,2025-11-30,2025-11-30,1,1,,,,,facebook,1,0.01,,1,,,,
,,,,,,,,,,,,,,,,,,,,,,6917461954384,04 Will_sicko - Copy,6917461491184,FB_iOS_Rap_StartTrial_set2_281125,6915577150584,FB_iOS_Rap_StartTrial_Set1_251125,0,,,,,,,,,,,,,,10,10,0,2025-11-30,2025-11-30,1,1,,,,,instagram,1,0.01,,1,,,,
,37,,,,,,37,,,,,,,9,,9,,,,9,,6917461954584,02 snoop_loseYourself - Copy,6917461491184,FB_iOS_Rap_StartTrial_set2_281125,6915577150584,FB_iOS_Rap_StartTrial_Set1_251125,0,,,,,,0.035135,,0.144444,0.144444,,,0.144444,,22.413793,23.636364,0,2025-11-30,2025-11-30,1.054545,58,,,,,facebook,55,1.3,1,2,,9,1,1
,,,,,,,,,,,,,,4,,4,,,,4,,6917461954584,02 snoop_loseYourself - Copy,6917461491184,FB_iOS_Rap_StartTrial_set2_281125,6915577150584,FB_iOS_Rap_StartTrial_Set1_251125,0,,,,,,,,0.0875,0.0875,,,0.0875,,25,25,0,2025-11-30,2025-11-30,1,14,,,,,instagram,14,0.35,,2,,2,,
,,,,,,,,,,,,,,2,,2,,,,2,,6917461954584,02 snoop_loseYourself - Copy,6917461491184,FB_iOS_Rap_StartTrial_set2_281125,6915577150584,FB_iOS_Rap_StartTrial_Set1_251125,0,,,,,,,,0.025,0.025,,,0.025,,10,10,0,2025-11-30,2025-11-30,1,5,,,,,threads,5,0.05,1,8,1,2,1,1
,20,,,1,1,1,20,,,,,,,11,,11,,,,10,,6917461954784,04 will_rapGod - Copy,6917461491184,FB_iOS_Rap_StartTrial_set2_281125,6915577150584,FB_iOS_Rap_StartTrial_Set1_251125,1,,0.73,"[{'action_type': 'outbound_click', 'value': '0.73'}]",0.73,0.73,0.0365,,0.066364,0.066364,,,0.073,0.73,26.071429,27.037037,3.571429,2025-11-30,2025-11-30,1.037037,28,3.571429,1,"[{'action_type': 'outbound_click', 'value': '1'}]","[{'action_type': 'outbound_click', 'value': '3.571429'}]",facebook,27,0.73,2,5,2,10,6,3
,,,,,,,,,,,,,,2,,2,,,,2,,6917461954784,04 will_rapGod - Copy,6917461491184,FB_iOS_Rap_StartTrial_set2_281125,6915577150584,FB_iOS_Rap_StartTrial_Set1_251125,0,,,,,,,,0.12,0.12,,,0.12,,26.666667,30,0,2025-11-30,2025-11-30,1.125,9,,,,,instagram,8,0.24,,3,,2,1,1
,,,,,,,,,,,,,,1,,1,,,,1,,6917461954984,04 Morgan_Gin - Copy,6917461491184,FB_iOS_Rap_StartTrial_set2_281125,6915577150584,FB_iOS_Rap_StartTrial_Set1_251125,0,,,,,,,,0.02,0.02,,,0.02,,6.666667,6.666667,0,2025-11-30,2025-11-30,1,3,,,,,audience_network,3,0.02,,3,,1,,
1,850,3,,115,42,42,850,1,1,,1,1,1,1869,3,1869,22,18,1,1732,1,6917461954984,04 Morgan_Gin - Copy,6917461491184,FB_iOS_Rap_StartTrial_set2_281125,6915577150584,FB_iOS_Rap_StartTrial_Set1_251125,111,"[{'action_type': 'subscribe_mobile_app', 'value': '16.098333'}, {'action_type': 'subscribe_total', 'value': '16.098333'}, {'action_type': 'start_trial_mobile_app', 'value': '7.43'}, {'action_type': 'start_trial_total', 'value': '7.43'}]",0.839913,"[{'action_type': 'outbound_click', 'value': '0.847281'}]",0.839913,2.299762,0.113635,96.59,0.05168,0.05168,4.390455,96.59,0.055768,0.87018,19.724321,21.195962,2.266694,2025-11-30,2025-11-30,1.07461,4897,2.348377,115,"[{'action_type': 'outbound_click', 'value': '114'}]","[{'action_type': 'outbound_click', 'value': '2.327956'}]",facebook,4557,96.59,226,4,207,1563,886,568
,73,,,15,7,7,73,,,,,,,311,3,311,13,10,,283,,6917461954984,04 Morgan_Gin - Copy,6917461491184,FB_iOS_Rap_StartTrial_set2_281125,6915577150584,FB_iOS_Rap_StartTrial_Set1_251125,21,,1.397333,"[{'action_type': 'outbound_click', 'value': '1.397333'}]",1.397333,2.994286,0.287123,,0.067396,0.067396,1.612308,,0.074064,0.998095,24.259259,25.222623,2.430556,2025-11-30,2025-11-30,1.039711,864,1.736111,15,"[{'action_type': 'outbound_click', 'value': '15'}]","[{'action_type': 'outbound_click', 'value': '1.736111'}]",instagram,831,20.96,26,3,26,242,125,72
,8,,,,1,1,8,,,,,,,89,,89,1,1,,88,,6917461954984,04 Morgan_Gin - Copy,6917461491184,FB_iOS_Rap_StartTrial_set2_281125,6915577150584,FB_iOS_Rap_StartTrial_Set1_251125,0,,,,,2.78,0.3475,,0.031236,0.031236,2.78,,0.031591,,12.87037,12.87037,0,2025-11-30,2025-11-30,1,216,,,,,threads,216,2.78,14,5,16,76,38,24
,,,,,,,,,,,,,,2,,2,,,,2,,6917461955184,03 will_loseYourself - Copy,6917461491184,FB_iOS_Rap_StartTrial_set2_281125,6915577150584,FB_iOS_Rap_StartTrial_Set1_251125,0,,,,,,,,0.12,0.12,,,0.12,,20,24,0,2025-11-30,2025-11-30,1.2,12,,,,,facebook,10,0.24,,2,,2,,
,,,,,,,,,,,,,,,,,,,,,,6917461955184,03 will_loseYourself - Copy,6917461491184,FB_iOS_Rap_StartTrial_set2_281125,6915577150584,FB_iOS_Rap_StartTrial_Set1_251125,0,,,,,,,,,,,,,,26.25,30,0,2025-11-30,2025-11-30,1.142857,8,,,,,instagram,7,0.21,,1,,,,
,,,,,,,,,,,,,,,,,,,,,,6917461955184,03 will_loseYourself - Copy,6917461491184,FB_iOS_Rap_StartTrial_set2_281125,6915577150584,FB_iOS_Rap_StartTrial_Set1_251125,0,,,,,,,,,,,,,,20,20,0,2025-11-30,2025-11-30,1,1,,,,,threads,1,0.02,,1,,,,
,25,,,,,,25,,,,,,,6,,6,,,,6,,6917461955384,03 Snoop_sicko - Copy,6917461491184,FB_iOS_Rap_StartTrial_set2_281125,6915577150584,FB_iOS_Rap_StartTrial_Set1_251125,0,,,,,,0.026,,0.108333,0.108333,,,0.108333,,22.413793,24.074074,0,2025-11-30,2025-11-30,1.074074,29,,,,,facebook,27,0.65,,2,,5,1,
,,,,,,,,,,,,,,,,,,,,,,6917461955384,03 Snoop_sicko - Copy,6917461491184,FB_iOS_Rap_StartTrial_set2_281125,6915577150584,FB_iOS_Rap_StartTrial_Set1_251125,0,,,,,,,,,,,,,,10,10,0,2025-11-30,2025-11-30,1,1,,,,,instagram,1,0.01,,1,,,,
,,,,,,,,,,,,,,,,,,,,,,6917461955584,03 Snoop_rapGod - Copy,6917461491184,FB_iOS_Rap_StartTrial_set2_281125,6915577150584,FB_iOS_Rap_StartTrial_Set1_251125,0,,,,,,,,,,,,,,0,0,0,2025-11-30,2025-11-30,1,1,,,,,facebook,1,0,,0,,,,
,3,,,2,,,3,,,,,,,27,,27,,,,25,,6917461955784,03 Mike_gin - Copy,6917461491184,FB_iOS_Rap_StartTrial_set2_281125,6915577150584,FB_iOS_Rap_StartTrial_Set1_251125,1,,0.885,"[{'action_type': 'outbound_click', 'value': '0.885'}]",0.885,,0.59,,0.065556,0.065556,,,0.0708,1.77,18.829787,20.581395,1.06383,2025-11-30,2025-11-30,1.093023,94,2.12766,2,"[{'action_type': 'outbound_click', 'value': '2'}]","[{'action_type': 'outbound_click', 'value': '2.12766'}]",facebook,86,1.77,4,3,3,21,7,4
,22,,,,,,22,,,,,,,3,,3,,,,3,,6917461955784,03 Mike_gin - Copy,6917461491184,FB_iOS_Rap_StartTrial_set2_281125,6915577150584,FB_iOS_Rap_StartTrial_Set1_251125,0,,,,,,0.005455,,0.04,0.04,,,0.04,,12,12,0,2025-11-30,2025-11-30,1,10,,,,,instagram,10,0.12,,2,,2,,
,,,,,,,,,,,,,,1,,1,,,,1,,6917461955784,03 Mike_gin - Copy,6917461491184,FB_iOS_Rap_StartTrial_set2_281125,6915577150584,FB_iOS_Rap_StartTrial_Set1_251125,0,,,,,,,,0.07,0.07,,,0.07,,17.5,17.5,0,2025-11-30,2025-11-30,1,4,,,,,threads,4,0.07,,1,,,,
,,,,,,,,,,,,,,1,,1,,,,1,,6917461955984,02 Mike_sicko - Copy,6917461491184,FB_iOS_Rap_StartTrial_set2_281125,6915577150584,FB_iOS_Rap_StartTrial_Set1_251125,0,,,,,,,,0.07,0.07,,,0.07,,17.5,17.5,0,2025-11-30,2025-11-30,1,4,,,,,facebook,4,0.07,,4,,1,1,1
,,,,,,,,,,,,,,4,,4,,,,4,,6917461956184,02 Mike_rapGod - Copy,6917461491184,FB_iOS_Rap_StartTrial_set2_281125,6915577150584,FB_iOS_Rap_StartTrial_Set1_251125,0,,,,,,,,0.0875,0.0875,,,0.0875,,17.5,18.421053,0,2025-11-30,2025-11-30,1.052632,20,,,,,facebook,19,0.35,,2,,3,1,1
,,,,,,,,,,,,,,,,,,,,,,6917461956184,02 Mike_rapGod - Copy,6917461491184,FB_iOS_Rap_StartTrial_set2_281125,6915577150584,FB_iOS_Rap_StartTrial_Set1_251125,0,,,,,,,,,,,,,,10,10,0,2025-11-30,2025-11-30,1,2,,,,,instagram,2,0.02,,1,,,,
,,,,,,,,,,,,,,1,,1,,,,1,,6917461956184,02 Mike_rapGod - Copy,6917461491184,FB_iOS_Rap_StartTrial_set2_281125,6915577150584,FB_iOS_Rap_StartTrial_Set1_251125,0,,,,,,,,0.03,0.03,,,0.03,,15,15,0,2025-11-30,2025-11-30,1,2,,,,,threads,2,0.03,,5,,1,1,
,,,,,,,,,,,,,,1,,1,,,,1,,6917461956384,02 Timothy_slim - Copy,6917461491184,FB_iOS_Rap_StartTrial_set2_281125,6915577150584,FB_iOS_Rap_StartTrial_Set1_251125,0,,,,,,,,0.01,0.01,,,0.01,,10,10,0,2025-11-30,2025-11-30,1,1,,,,,facebook,1,0.01,,6,,1,,
,20,,,1,,,20,,,,,,,2,,2,,,,1,,6917461956384,02 Timothy_slim - Copy,6917461491184,FB_iOS_Rap_StartTrial_set2_281125,6915577150584,FB_iOS_Rap_StartTrial_Set1_251125,1,,0.01,"[{'action_type': 'outbound_click', 'value': '0.01'}]",0.01,,0.0005,,0.005,0.005,,,0.01,0.01,5,5,50,2025-11-30,2025-11-30,1,2,50,1,"[{'action_type': 'outbound_click', 'value': '1'}]","[{'action_type': 'outbound_click', 'value': '50'}]",instagram,2,0.01,,5,,1,1,
,,,,,,,,,,,,,,,,,,,,,,6917461956384,02 Timothy_slim - Copy,6917461491184,FB_iOS_Rap_StartTrial_set2_281125,6915577150584,FB_iOS_Rap_StartTrial_Set1_251125,0,,,,,,,,,,,,,,0,0,0,2025-11-30,2025-11-30,1,1,,,,,threads,1,0,,1,,,,
,,,,,,,,,,,,,,2,,2,,,,2,,6917461956584,01 Santa_slim - Copy,6917461491184,FB_iOS_Rap_StartTrial_set2_281125,6915577150584,FB_iOS_Rap_StartTrial_Set1_251125,0,,,,,,,,0.035,0.035,,,0.035,,17.5,17.5,0,2025-11-30,2025-11-30,1,4,,,,,facebook,4,0.07,,4,,2,,
,,,,,,,,,,,,,,,,,,,,,,6917461956784,01 Jesus_rapGod - Copy,6917461491184,FB_iOS_Rap_StartTrial_set2_281125,6915577150584,FB_iOS_Rap_StartTrial_Set1_251125,0,,,,,,,,,,,,,,65,65,0,2025-11-30,2025-11-30,1,2,,,,,facebook,2,0.13,,1,,,,
,,,,,,,,,,,,,,1,,1,,,,1,,6917461956984,02 Eddie_Snoop - Copy,6917461491184,FB_iOS_Rap_StartTrial_set2_281125,6915577150584,FB_iOS_Rap_StartTrial_Set1_251125,0,,,,,,,,0.010001,0.010001,,,0.010001,,10.000682,10.000682,0,2025-11-30,2025-11-30,1,1,,,,,audience_network,1,0.010001,,10,,1,1,
,617,5,3,209,47,47,617,,,,,,,4869,5,4869,42,34,,4618,,6917461956984,02 Eddie_Snoop - Copy,6917461491184,FB_iOS_Rap_StartTrial_set2_281125,6915577150584,FB_iOS_Rap_StartTrial_Set1_251125,203,"[{'action_type': 'subscribe_mobile_app', 'value': '24.638824'}, {'action_type': 'subscribe_total', 'value': '24.638824'}, {'action_type': 'start_trial_mobile_app', 'value': '13.267059'}, {'action_type': 'start_trial_total', 'value': '13.267059'}]",0.825224,"[{'action_type': 'outbound_click', 'value': '0.825224'}]",0.825224,3.669612,0.279533,,0.035422,0.035422,4.106471,,0.037348,0.849615,15.277861,17.224785,1.798211,2025-11-30,2025-11-30,1.127434,11289,1.85136,209,"[{'action_type': 'outbound_click', 'value': '209'}]","[{'action_type': 'outbound_click', 'value': '1.85136'}]",facebook,10013,172.471769,431,5,391,4175,2228,1382
,505,,,76,34,34,505,,,,3,3,,2342,4,2342,42,35,,2224,,6917461956984,02 Eddie_Snoop - Copy,6917461491184,FB_iOS_Rap_StartTrial_set2_281125,6915577150584,FB_iOS_Rap_StartTrial_Set1_251125,116,"[{'action_type': 'subscribe_mobile_app', 'value': '9.893402'}, {'action_type': 'subscribe_total', 'value': '9.893402'}, {'action_type': 'start_trial_mobile_app', 'value': '8.37134'}, {'action_type': 'start_trial_total', 'value': '8.37134'}]",1.43194,"[{'action_type': 'outbound_click', 'value': '1.43194'}]",1.43194,3.200807,0.2155,,0.046468,0.046468,2.591129,,0.048933,0.938167,16.745257,17.911031,1.78489,2025-11-30,2025-11-30,1.069618,6499,1.169411,76,"[{'action_type': 'outbound_click', 'value': '76'}]","[{'action_type': 'outbound_click', 'value': '1.169411'}]",instagram,6076,108.827426,174,4,175,1991,975,594
,13,,,8,1,1,13,,,,,,,482,,482,1,1,,473,,6917461956984,02 Eddie_Snoop - Copy,6917461491184,FB_iOS_Rap_StartTrial_set2_281125,6915577150584,FB_iOS_Rap_StartTrial_Set1_251125,8,,1.4726,"[{'action_type': 'outbound_click', 'value': '1.4726'}]",1.4726,11.780804,0.906216,,0.024442,0.024442,11.780804,,0.024907,1.4726,13.266671,13.556736,0.900901,2025-11-30,2025-11-30,1.021864,888,0.900901,8,"[{'action_type': 'outbound_click', 'value': '8'}]","[{'action_type': 'outbound_click', 'value': '0.900901'}]",threads,869,11.780804,67,7,71,416,214,132
,19,,,2,1,1,19,,,,,,,25,,25,,,,23,,6917461957184,01 Jesus_travis - Copy,6917461491184,FB_iOS_Rap_StartTrial_set2_281125,6915577150584,FB_iOS_Rap_StartTrial_Set1_251125,2,,0.77,"[{'action_type': 'outbound_click', 'value': '0.77'}]",0.77,1.54,0.081053,,0.0616,0.0616,,,0.066957,0.77,20.810811,23.333333,2.702703,2025-11-30,2025-11-30,1.121212,74,2.702703,2,"[{'action_type': 'outbound_click', 'value': '2'}]","[{'action_type': 'outbound_click', 'value': '2.702703'}]",facebook,66,1.54,5,5,5,20,12,8
,,,,,,,,,,,,,,,,,,,,,,6917461957184,01 Jesus_travis - Copy,6917461491184,FB_iOS_Rap_StartTrial_set2_281125,6915577150584,FB_iOS_Rap_StartTrial_Set1_251125,0,,,,,,,,,,,,,,10,10,0,2025-11-30,2025-11-30,1,1,,,,,instagram,1,0.01,,1,,,,
,,,,,,,,,,,,,,,,,,,,,,6917461957184,01 Jesus_travis - Copy,6917461491184,FB_iOS_Rap_StartTrial_set2_281125,6915577150584,FB_iOS_Rap_StartTrial_Set1_251125,0,,,,,,,,,,,,,,10,10,0,2025-11-30,2025-11-30,1,1,,,,,threads,1,0.01,,1,,,,
,,,,,,,,,,,,,,,,,,,,,,6917461957384,01 Jesus_loseYourself - Copy,6917461491184,FB_iOS_Rap_StartTrial_set2_281125,6915577150584,FB_iOS_Rap_StartTrial_Set1_251125,0,,,,,,,,,,,,,,80,80,0,2025-11-30,2025-11-30,1,1,,,,,instagram,1,0.08,,1,,,,
,,,,1,,,,,,,,,,7,,7,,,,6,,6917505479784,06 fbg og - Copy 2,6917504275184,FB_iOS_Rap_StartTrial_female_281125,6915577150584,FB_iOS_Rap_StartTrial_Set1_251125,1,,0.13,"[{'action_type': 'outbound_click', 'value': '0.13'}]",0.13,,,,0.018571,0.018571,,,0.021667,0.13,18.571429,21.666667,14.285714,2025-11-30,2025-11-30,1.166667,7,14.285714,1,"[{'action_type': 'outbound_click', 'value': '1'}]","[{'action_type': 'outbound_click', 'value': '14.285714'}]",audience_network,6,0.13,1,8,1,6,4,1
,900,5,2,187,71,71,900,,,,,,,4188,1,4188,42,39,,3959,,6917505479784,06 fbg og - Copy 2,6917504275184,FB_iOS_Rap_StartTrial_female_281125,6915577150584,FB_iOS_Rap_StartTrial_Set1_251125,178,"[{'action_type': 'subscribe_mobile_app', 'value': '15.988462'}, {'action_type': 'subscribe_total', 'value': '15.988462'}, {'action_type': 'start_trial_mobile_app', 'value': '8.314'}, {'action_type': 'start_trial_total', 'value': '8.314'}]",1.111497,"[{'action_type': 'outbound_click', 'value': '1.111497'}]",1.111497,2.927465,0.230944,,0.04963,0.04963,4.94881,,0.052501,1.167697,19.947217,22.246602,1.708253,2025-11-30,2025-11-30,1.115273,10420,1.794626,187,"[{'action_type': 'outbound_click', 'value': '187'}]","[{'action_type': 'outbound_click', 'value': '1.794626'}]",facebook,9343,207.85,422,4,375,3466,1776,1350
,2,,,5,,,2,,,1,,,,142,,142,4,4,,133,,6917505479784,06 fbg og - Copy 2,6917504275184,FB_iOS_Rap_StartTrial_female_281125,6915577150584,FB_iOS_Rap_StartTrial_Set1_251125,6,,2.328,"[{'action_type': 'outbound_click', 'value': '2.328'}]",2.328,,5.82,,0.081972,0.081972,2.91,,0.087519,1.94,27.006961,27.517731,1.392111,2025-11-30,2025-11-30,1.018913,431,1.160093,5,"[{'action_type': 'outbound_click', 'value': '5'}]","[{'action_type': 'outbound_click', 'value': '1.160093'}]",instagram,423,11.64,17,4,17,118,57,48
,,,,1,,,,,,,,,,23,,23,,,,22,,6917505479784,06 fbg og - Copy 2,6917504275184,FB_iOS_Rap_StartTrial_female_281125,6915577150584,FB_iOS_Rap_StartTrial_Set1_251125,1,,0.7,"[{'action_type': 'outbound_click', 'value': '0.7'}]",0.7,,,,0.030435,0.030435,,,0.031818,0.7,16.666667,16.666667,2.380952,2025-11-30,2025-11-30,1,42,2.380952,1,"[{'action_type': 'outbound_click', 'value': '1'}]","[{'action_type': 'outbound_click', 'value': '2.380952'}]",threads,42,0.7,2,8,4,19,7,4
,,,,,,,,,,,,,,,,,,,,,,6917505480184,04 Prerna - Copy 2,6917504275184,FB_iOS_Rap_StartTrial_female_281125,6915577150584,FB_iOS_Rap_StartTrial_Set1_251125,0,,,,,,,,,,,,,,10,10,0,2025-11-30,2025-11-30,1,2,,,,,facebook,2,0.02,,1,,,,
,,,,,,,,,,,,,,,,,,,,,,6917505480184,04 Prerna - Copy 2,6917504275184,FB_iOS_Rap_StartTrial_female_281125,6915577150584,FB_iOS_Rap_StartTrial_Set1_251125,0,,,,,,,,,,,,,,20,20,0,2025-11-30,2025-11-30,1,1,,,,,instagram,1,0.02,,1,,,,
,,,,,,,,,,,,,,,,,,,,,,6917505480184,04 Prerna - Copy 2,6917504275184,FB_iOS_Rap_StartTrial_female_281125,6915577150584,FB_iOS_Rap_StartTrial_Set1_251125,0,,,,,,,,,,,,,,20,20,0,2025-11-30,2025-11-30,1,1,,,,,threads,1,0.02,,2,,,,
,6,1,,19,6,6,6,,,,,,,363,,363,,,,344,,6917505480584,07 black_4 - Copy 2,6917504275184,FB_iOS_Rap_StartTrial_female_281125,6915577150584,FB_iOS_Rap_StartTrial_Set1_251125,16,,1.159323,"[{'action_type': 'outbound_click', 'value': '1.159323'}]",1.159323,3.67119,3.67119,,0.060681,0.060681,,,0.064032,1.376696,18.040247,19.808581,1.310401,2025-11-30,2025-11-30,1.098022,1221,1.556102,19,"[{'action_type': 'outbound_click', 'value': '19'}]","[{'action_type': 'outbound_click', 'value': '1.556102'}]",facebook,1112,22.027142,29,3,28,297,149,89
,2,,,3,,,2,,,,2,2,,38,,38,2,,,33,,6917505480584,07 black_4 - Copy 2,6917504275184,FB_iOS_Rap_StartTrial_female_281125,6915577150584,FB_iOS_Rap_StartTrial_Set1_251125,3,,1.124208,"[{'action_type': 'outbound_click', 'value': '1.124208'}]",1.124208,,1.686312,,0.088753,0.088753,1.686312,,0.102201,1.124208,23.584787,24.982405,2.097902,2025-11-30,2025-11-30,1.059259,143,2.097902,3,"[{'action_type': 'outbound_click', 'value': '3'}]","[{'action_type': 'outbound_click', 'value': '2.097902'}]",instagram,135,3.372625,4,3,4,27,20,15
,,,,,,,,,,,,,,8,,8,,,,8,,6917505480584,07 black_4 - Copy 2,6917504275184,FB_iOS_Rap_StartTrial_female_281125,6915577150584,FB_iOS_Rap_StartTrial_Set1_251125,0,,,,,,,,0.037529,0.037529,,,0.037529,,17.660803,17.660803,0,2025-11-30,2025-11-30,1,17,,,,,threads,17,0.300234,2,5,2,8,3,2
,,,,,,,,,,,,,,1,,1,,,,1,,6917505480784,18 esha - Copy 2,6917504275184,FB_iOS_Rap_StartTrial_female_281125,6915577150584,FB_iOS_Rap_StartTrial_Set1_251125,0,,,,,,,,0.03,0.03,,,0.03,,30,30,0,2025-11-30,2025-11-30,1,1,,,,,facebook,1,0.03,,5,,1,,
,,,,,,,,,,,,,,,,,,,,,,6917505480784,18 esha - Copy 2,6917504275184,FB_iOS_Rap_StartTrial_female_281125,6915577150584,FB_iOS_Rap_StartTrial_Set1_251125,0,,,,,,,,,,,,,,20,20,0,2025-11-30,2025-11-30,1,1,,,,,threads,1,0.02,,3,,,,
,,,,,,,,,,,,,,1,,1,,,,1,,6917505481184,14 blonde - Copy 2,6917504275184,FB_iOS_Rap_StartTrial_female_281125,6915577150584,FB_iOS_Rap_StartTrial_Set1_251125,0,,,,,,,,0.47,0.47,,,0.47,,78.333333,78.333333,0,2025-11-30,2025-11-30,1,6,,,,,facebook,6,0.47,,2,,,,
,,,,,,,,,,,,,,1,,1,,,,1,,6917505481184,14 blonde - Copy 2,6917504275184,FB_iOS_Rap_StartTrial_female_281125,6915577150584,FB_iOS_Rap_StartTrial_Set1_251125,0,,,,,,,,0.12,0.12,,,0.12,,40,40,0,2025-11-30,2025-11-30,1,3,,,,,instagram,3,0.12,,4,,1,,
,,,,,,,,,,,,,,3,,3,,,,3,,6917505481384,01 Esha - Copy 2,6917504275184,FB_iOS_Rap_StartTrial_female_281125,6915577150584,FB_iOS_Rap_StartTrial_Set1_251125,0,,,,,,,,0.26,0.26,,,0.26,,45.882353,55.714286,0,2025-11-30,2025-11-30,1.214286,17,,,,,facebook,14,0.78,,2,,3,1,
,,,,,,,,,,,,,,1,,1,,,,1,,6917505481384,01 Esha - Copy 2,6917504275184,FB_iOS_Rap_StartTrial_female_281125,6915577150584,FB_iOS_Rap_StartTrial_Set1_251125,0,,,,,,,,0,0,,,0,,0,0,0,2025-11-30,2025-11-30,1,1,,,,,instagram,1,0,,4,,1,,
,,,,,,,,,,,,,,2,,2,1,1,,1,,6917505481584,02 blonde - Copy 2,6917504275184,FB_iOS_Rap_StartTrial_female_281125,6915577150584,FB_iOS_Rap_StartTrial_Set1_251125,0,,,,,,,,0.115,0.115,0.23,,0.23,,46,57.5,0,2025-11-30,2025-11-30,1.25,5,,,,,facebook,4,0.23,,3,,1,1,1
,,,,,,,,,,,,,,,,,,,,,,6917505481584,02 blonde - Copy 2,6917504275184,FB_iOS_Rap_StartTrial_female_281125,6915577150584,FB_iOS_Rap_StartTrial_Set1_251125,0,,,,,,,,,,,,,,20,20,0,2025-11-30,2025-11-30,1,1,,,,,instagram,1,0.02,,0,,,,
,435,1,,57,29,29,435,,,,1,1,,1378,2,1378,25,22,,1296,,6917505481984,12 Prerna - Copy 2,6917504275184,FB_iOS_Rap_StartTrial_female_281125,6915577150584,FB_iOS_Rap_StartTrial_Set1_251125,55,"[{'action_type': 'subscribe_mobile_app', 'value': '16.048'}, {'action_type': 'subscribe_total', 'value': '16.048'}, {'action_type': 'start_trial_mobile_app', 'value': '8.024'}, {'action_type': 'start_trial_total', 'value': '8.024'}]",1.407719,"[{'action_type': 'outbound_click', 'value': '1.407719'}]",1.407719,2.766897,0.18446,,0.058229,0.058229,3.2096,,0.061914,1.458909,20.054986,21.959496,1.374656,2025-11-30,2025-11-30,1.094964,4001,1.424644,57,"[{'action_type': 'outbound_click', 'value': '57'}]","[{'action_type': 'outbound_click', 'value': '1.424644'}]",facebook,3654,80.24,154,4,139,1180,612,376
,38,,,6,2,2,38,,,,,,,104,,104,2,2,,96,,6917505481984,12 Prerna - Copy 2,6917504275184,FB_iOS_Rap_StartTrial_female_281125,6915577150584,FB_iOS_Rap_StartTrial_Set1_251125,8,"[{'action_type': 'start_trial_mobile_app', 'value': '8.28'}, {'action_type': 'start_trial_total', 'value': '8.28'}]",1.38,"[{'action_type': 'outbound_click', 'value': '1.38'}]",1.38,4.14,0.217895,,0.079615,0.079615,4.14,,0.08625,1.035,27.508306,29.052632,2.657807,2025-11-30,2025-11-30,1.05614,301,1.993355,6,"[{'action_type': 'outbound_click', 'value': '6'}]","[{'action_type': 'outbound_click', 'value': '1.993355'}]",instagram,285,8.28,13,4,13,87,47,34
,,,,,,,,,,,,,,,,,,,,,,6917505481984,12 Prerna - Copy 2,6917504275184,FB_iOS_Rap_StartTrial_female_281125,6915577150584,FB_iOS_Rap_StartTrial_Set1_251125,0,,,,,,,,,,,,,,10,10,0,2025-11-30,2025-11-30,1,1,,,,,messenger,1,0.01,,,,,,
,,,,,,,,,,,,,,2,,2,,,,2,,6917505481984,12 Prerna - Copy 2,6917504275184,FB_iOS_Rap_StartTrial_female_281125,6915577150584,FB_iOS_Rap_StartTrial_Set1_251125,0,,,,,,,,0.06,0.06,,,0.06,,17.142857,17.142857,0,2025-11-30,2025-11-30,1,7,,,,,threads,7,0.12,1,4,1,2,1,1
,,,,1,,,,,,,,,,3,,3,,,,2,,6917505482184,08 aiartist3 - Copy 2,6917504275184,FB_iOS_Rap_StartTrial_female_281125,6915577150584,FB_iOS_Rap_StartTrial_Set1_251125,1,,1.79,"[{'action_type': 'outbound_click', 'value': '1.79'}]",1.79,,,,0.596667,0.596667,,,0.895,1.79,149.166667,198.888889,8.333333,2025-11-30,2025-11-30,1.333333,12,8.333333,1,"[{'action_type': 'outbound_click', 'value': '1'}]","[{'action_type': 'outbound_click', 'value': '8.333333'}]",facebook,9,1.79,,2,,2,1,
,,,,2,,,,,,,,,,3,,3,,,,1,,6917505482184,08 aiartist3 - Copy 2,6917504275184,FB_iOS_Rap_StartTrial_female_281125,6915577150584,FB_iOS_Rap_StartTrial_Set1_251125,2,,0.08,"[{'action_type': 'outbound_click', 'value': '0.08'}]",0.08,,,,0.053333,0.053333,,,0.16,0.08,32,53.333333,40,2025-11-30,2025-11-30,1.666667,5,40,2,"[{'action_type': 'outbound_click', 'value': '2'}]","[{'action_type': 'outbound_click', 'value': '40'}]",instagram,3,0.16,1,16,1,1,1,1
