action_app_custom_event.fb_mobile_purchase,action_app_custom_event.other,action_app_store_visit,action_comment,action_link_click,action_mobile_app_install,action_omni_app_install,action_omni_custom,action_omni_purchase,action_onsite_app_purchase,action_onsite_conversion.messaging_block,action_onsite_conversion.post_net_like,action_onsite_conversion.post_net_save,action_onsite_conversion.post_save,action_onsite_conversion.post_unlike,action_onsite_web_app_purchase,action_page_engagement,action_post,action_post_engagement,action_post_interaction_gross,action_post_reaction,action_purchase,action_video_view,action_web_app_in_store_purchase,ad_id,ad_name,adset_id,adset_name,campaign_id,campaign_name,clicks,cost_per_conversion,cost_per_inline_link_click,cost_per_outbound_click,cpa_link_click,cpa_omni_app_install,cpa_omni_custom,cpa_omni_purchase,cpa_page_engagement,cpa_post_engagement,cpa_post_interaction_gross,cpa_purchase,cpa_video_view,cpc,cpm,cpp,ctr,date_start,date_stop,frequency,gender,impressions,inline_link_click_ctr,inline_link_clicks,outbound_clicks,outbound_clicks_ctr,reach,spend,video_30_sec_watched_actions_video_view,video_avg_time_watched_actions_video_view,video_p100_watched_actions_video_view,video_p25_watched_actions_video_view,video_p50_watched_actions_video_view,video_p75_watched_actions_video_view
,,,,,,,,,,,,,,,,,,,,,,,,6913866606184,tyson_rap_1_4x5 - Copy,6913866281784,FB_iOS_Purchase_itoshi_rap_221125,6913294159984,FB_iOS_Purchase_itoshi_v1_set6_211125,0,,,,,,,,,,,,,,43.333333,43.333333,0,2025-12-15,2025-12-15,1,male,3,,,,,3,0.13,,1,,,,
,,,,,,,,,,,,,,,,1,,1,,,,1,,6913866606384,jesus_rap_2_4x5 - Copy,6913866281784,FB_iOS_Purchase_itoshi_rap_221125,6913294159984,FB_iOS_Purchase_itoshi_v1_set6_211125,0,,,,,,,,0.02,0.02,,,0.02,,20,20,0,2025-12-15,2025-12-15,1,female,1,,,,,1,0.02,,4,,1,,
,,,,,,,,,,,,,,,,,,,,,,,,6913866606384,jesus_rap_2_4x5 - Copy,6913866281784,FB_iOS_Purchase_itoshi_rap_221125,6913294159984,FB_iOS_Purchase_itoshi_v1_set6_211125,0,,,,,,,,,,,,,,0,0,0,2025-12-15,2025-12-15,1,male,1,,,,,1,0,,1,,,,
,,,,,,,,,,,,,,,,13,,13,,,,13,,6913866606584,tyson_rap_2_4x5 - Copy,6913866281784,FB_iOS_Purchase_itoshi_rap_221125,6913294159984,FB_iOS_Purchase_itoshi_v1_set6_211125,0,,,,,,,,0.076154,0.076154,,,0.076154,,28.285714,28.285714,0,2025-12-15,2025-12-15,1,female,35,,,,,35,0.99,1,3,1,13,5,1
,,1,,3,,,,,,,,,,,,73,,73,,,,70,,6913866606584,tyson_rap_2_4x5 - Copy,6913866281784,FB_iOS_Purchase_itoshi_rap_221125,6913294159984,FB_iOS_Purchase_itoshi_v1_set6_211125,3,,1.98,"[{'action_type': 'outbound_click', 'value': '1.98'}]",1.98,,,,0.08137,0.08137,,,0.084857,1.98,26.167401,28.421053,1.321586,2025-12-15,2025-12-15,1.086124,male,227,1.321586,3,"[{'action_type': 'outbound_click', 'value': '3'}]","[{'action_type': 'outbound_click', 'value': '1.321586'}]",209,5.94,10,3,10,70,31,19
,,,,,,,,,,,,,,,,,,,,,,,,6913866606584,tyson_rap_2_4x5 - Copy,6913866281784,FB_iOS_Purchase_itoshi_rap_221125,6913294159984,FB_iOS_Purchase_itoshi_v1_set6_211125,0,,,,,,,,,,,,,,18,18,0,2025-12-15,2025-12-15,1,unknown,5,,,,,5,0.09,,1,,,,
,,,,5,,,,,,,5,,,,,343,1,343,6,5,,332,,6913866606784,jesus_rap_1_4x5 - Copy,6913866281784,FB_iOS_Purchase_itoshi_rap_221125,6913294159984,FB_iOS_Purchase_itoshi_v1_set6_211125,6,,4.452,"[{'action_type': 'outbound_click', 'value': '4.452'}]",4.452,,,,0.064898,0.064898,3.71,,0.067048,3.71,26.626794,28.212928,0.717703,2025-12-15,2025-12-15,1.059569,female,836,0.598086,5,"[{'action_type': 'outbound_click', 'value': '5'}]","[{'action_type': 'outbound_click', 'value': '0.598086'}]",789,22.26,27,3,27,311,117,67
,64,,,24,8,8,64,,,,1,1,1,,,1546,2,1546,4,1,,1518,,6913866606784,jesus_rap_1_4x5 - Copy,6913866281784,FB_iOS_Purchase_itoshi_rap_221125,6913294159984,FB_iOS_Purchase_itoshi_v1_set6_211125,30,,3.242083,"[{'action_type': 'outbound_click', 'value': '3.242083'}]",3.242083,9.72625,1.215781,,0.05033,0.05033,19.4525,,0.051258,2.593667,19.0198,20.158031,0.733317,2025-12-15,2025-12-15,1.059845,male,4091,0.586654,24,"[{'action_type': 'outbound_click', 'value': '24'}]","[{'action_type': 'outbound_click', 'value': '0.586654'}]",3860,77.81,147,3,144,1440,562,305
,,,,,,,,,,,,,,,,19,,19,,,,19,,6913866606784,jesus_rap_1_4x5 - Copy,6913866281784,FB_iOS_Purchase_itoshi_rap_221125,6913294159984,FB_iOS_Purchase_itoshi_v1_set6_211125,0,,,,,,,,0.037368,0.037368,,,0.037368,,15.434783,16.904762,0,2025-12-15,2025-12-15,1.095238,unknown,46,,,,,42,0.71,3,4,3,19,9,5
,,,,,,,,,,,,,,,,,,,,,,,,6915585772384,tyson_rap_1_4x5,6915577150784,FB_iOS_Rap_StartTrial_set1_251125,6915577150584,FB_iOS_Rap_StartTrial_Set1_251125,0,,,,,,,,,,,,,,60,60,0,2025-12-15,2025-12-15,1,male,1,,,,,1,0.06,,1,,,,
,12,,,14,2,2,12,,,,8,,,,,521,1,521,9,8,,498,,6915585772784,jesus_rap_1_4x5,6915577150784,FB_iOS_Rap_StartTrial_set1_251125,6915577150584,FB_iOS_Rap_StartTrial_Set1_251125,14,"[{'action_type': 'subscribe_mobile_app', 'value': '30.17'}, {'action_type': 'subscribe_total', 'value': '30.17'}]",2.155,"[{'action_type': 'outbound_click', 'value': '2.155'}]",2.155,15.085,2.514167,,0.057908,0.057908,3.352222,,0.060582,2.155,21.658291,23.570313,1.005025,2025-12-15,2025-12-15,1.088281,female,1393,1.005025,14,"[{'action_type': 'outbound_click', 'value': '14'}]","[{'action_type': 'outbound_click', 'value': '1.005025'}]",1280,30.17,65,3,61,476,216,119
,155,1,,36,21,21,155,,,,8,,,,,935,,935,8,8,,891,,6915585772784,jesus_rap_1_4x5,6915577150784,FB_iOS_Rap_StartTrial_set1_251125,6915577150584,FB_iOS_Rap_StartTrial_Set1_251125,37,"[{'action_type': 'subscribe_mobile_app', 'value': '16.793333'}, {'action_type': 'subscribe_total', 'value': '16.793333'}]",1.399444,"[{'action_type': 'outbound_click', 'value': '1.399444'}]",1.399444,2.399048,0.325032,,0.053882,0.053882,6.2975,,0.056543,1.361622,22.096491,22.817029,1.622807,2025-12-15,2025-12-15,1.032609,male,2280,1.578947,36,"[{'action_type': 'outbound_click', 'value': '36'}]","[{'action_type': 'outbound_click', 'value': '1.578947'}]",2208,50.38,114,4,106,846,422,238
,,,,1,,,,,,,,,,,,15,,15,,,,14,,6915585772784,jesus_rap_1_4x5,6915577150784,FB_iOS_Rap_StartTrial_set1_251125,6915577150584,FB_iOS_Rap_StartTrial_Set1_251125,1,,0.8,"[{'action_type': 'outbound_click', 'value': '0.8'}]",0.8,,,,0.053333,0.053333,,,0.057143,0.8,21.621622,22.222222,2.702703,2025-12-15,2025-12-15,1.027778,unknown,37,2.702703,1,"[{'action_type': 'outbound_click', 'value': '1'}]","[{'action_type': 'outbound_click', 'value': '2.702703'}]",36,0.8,,3,,14,6,2
,3,,,,,,3,,,,,,,,,67,,67,,,,67,,6915585773184,tyson_rap_2_4x5,6915577150784,FB_iOS_Rap_StartTrial_set1_251125,6915577150584,FB_iOS_Rap_StartTrial_Set1_251125,0,,,,,,1.483333,,0.066418,0.066418,,,0.066418,,23.421053,24.722222,0,2025-12-15,2025-12-15,1.055556,female,190,,,,,180,4.45,11,3,10,61,29,22
,48,,1,6,3,3,48,,,,3,,,,,196,1,196,5,3,,185,,6915585773184,tyson_rap_2_4x5,6915577150784,FB_iOS_Rap_StartTrial_set1_251125,6915577150584,FB_iOS_Rap_StartTrial_Set1_251125,7,"[{'action_type': 'subscribe_mobile_app', 'value': '16.2'}, {'action_type': 'subscribe_total', 'value': '16.2'}, {'action_type': 'start_trial_mobile_app', 'value': '16.2'}, {'action_type': 'start_trial_total', 'value': '16.2'}]",2.7,"[{'action_type': 'outbound_click', 'value': '2.7'}]",2.7,5.4,0.3375,,0.082653,0.082653,3.24,,0.087568,2.314286,28.471002,30.055659,1.230228,2025-12-15,2025-12-15,1.055659,male,569,1.054482,6,"[{'action_type': 'outbound_click', 'value': '6'}]","[{'action_type': 'outbound_click', 'value': '1.054482'}]",539,16.2,37,4,34,178,108,60
,,,,,,,,,,,,,,,,2,,2,,,,2,,6915585773184,tyson_rap_2_4x5,6915577150784,FB_iOS_Rap_StartTrial_set1_251125,6915577150584,FB_iOS_Rap_StartTrial_Set1_251125,0,,,,,,,,0.05,0.05,,,0.05,,16.666667,16.666667,0,2025-12-15,2025-12-15,1,unknown,6,,,,,6,0.1,1,4,1,2,2,1
,,,,,,,,,,,,,,,,,,,,,,,,6916143078584,jesus_rap_1_4x5_subtitles,6915577150784,FB_iOS_Rap_StartTrial_set1_251125,6915577150584,FB_iOS_Rap_StartTrial_Set1_251125,0,,,,,,,,,,,,,,20,20,0,2025-12-15,2025-12-15,1,female,1,,,,,1,0.02,,2,,,,
,,,,,,,,,,,,,,,,1,,1,,,,1,,6916143078584,jesus_rap_1_4x5_subtitles,6915577150784,FB_iOS_Rap_StartTrial_set1_251125,6915577150584,FB_iOS_Rap_StartTrial_Set1_251125,0,,,,,,,,0.04,0.04,,,0.04,,13.333333,13.333333,0,2025-12-15,2025-12-15,1,male,3,,,,,3,0.04,1,25,1,1,1,1
,,,,,,,,,,,,,,,,,,,,,,,,6916144704784,tyson_rap_2_4x5_subtitles,6913866281784,FB_iOS_Purchase_itoshi_rap_221125,6913294159984,FB_iOS_Purchase_itoshi_v1_set6_211125,0,,,,,,,,,,,,,,0,0,0,2025-12-15,2025-12-15,1,male,1,,,,,1,0,,1,,,,
,,,,,,,,,,,,,,,,2,,2,,,,2,,6916144704984,jesus_rap_1_4x5_subtitles,6913866281784,FB_iOS_Purchase_itoshi_rap_221125,6913294159984,FB_iOS_Purchase_itoshi_v1_set6_211125,0,,,,,,,,0.05,0.05,,,0.05,,33.333333,33.333333,0,2025-12-15,2025-12-15,1,male,3,,,,,3,0.1,,2,,1,,
,,,,,,,,,,,,,,,,,,,,,,,,6916166162984,05 blonde,6916162284184,FB_iOS_Purchase_itoshi_rap_female_261125,6913294159984,FB_iOS_Purchase_itoshi_v1_set6_211125,0,,,,,,,,,,,,,,40,40,0,2025-12-15,2025-12-15,1,female,1,,,,,1,0.04,,1,,,,
,265,,,25,14,14,265,,,,9,,,,,527,2,527,11,9,,491,,6916168066184,12 Prerna,6916162284184,FB_iOS_Purchase_itoshi_rap_female_261125,6913294159984,FB_iOS_Purchase_itoshi_v1_set6_211125,30,"[{'action_type': 'subscribe_mobile_app', 'value': '5.717143'}, {'action_type': 'subscribe_total', 'value': '5.717143'}, {'action_type': 'start_trial_mobile_app', 'value': '40.02'}, {'action_type': 'start_trial_total', 'value': '40.02'}]",1.6008,"[{'action_type': 'outbound_click', 'value': '1.6008'}]",1.6008,2.858571,0.151019,,0.075939,0.075939,3.638182,,0.081507,1.334,29.776786,31.586425,2.232143,2025-12-15,2025-12-15,1.060773,female,1344,1.860119,25,"[{'action_type': 'outbound_click', 'value': '25'}]","[{'action_type': 'outbound_click', 'value': '1.860119'}]",1267,40.02,58,5,56,442,225,154
,,,,2,,,,,,,,,,,,28,,28,,,,26,,6916168066184,12 Prerna,6916162284184,FB_iOS_Purchase_itoshi_rap_female_261125,6913294159984,FB_iOS_Purchase_itoshi_v1_set6_211125,3,,0.58,"[{'action_type': 'outbound_click', 'value': '0.58'}]",0.58,,,,0.041429,0.041429,,,0.044615,0.386667,17.575758,18.125,4.545455,2025-12-15,2025-12-15,1.03125,male,66,3.030303,2,"[{'action_type': 'outbound_click', 'value': '2'}]","[{'action_type': 'outbound_click', 'value': '3.030303'}]",64,1.16,5,6,5,24,17,11
,,,,1,,,,,,,,,,,,2,,2,,,,1,,6916168066184,12 Prerna,6916162284184,FB_iOS_Purchase_itoshi_rap_female_261125,6913294159984,FB_iOS_Purchase_itoshi_v1_set6_211125,1,,0.1,"[{'action_type': 'outbound_click', 'value': '0.1'}]",0.1,,,,0.05,0.05,,,0.1,0.1,25,33.333333,25,2025-12-15,2025-12-15,1.333333,unknown,4,25,1,"[{'action_type': 'outbound_click', 'value': '1'}]","[{'action_type': 'outbound_click', 'value': '25'}]",3,0.1,1,6,1,1,1,1
,164,1,,23,7,7,164,,,,13,1,1,1,,1025,,1025,15,14,,987,,6916170551184,14 blonde,6916162284184,FB_iOS_Purchase_itoshi_rap_female_261125,6913294159984,FB_iOS_Purchase_itoshi_v1_set6_211125,29,"[{'action_type': 'subscribe_mobile_app', 'value': '11.522'}, {'action_type': 'subscribe_total', 'value': '11.522'}, {'action_type': 'start_trial_mobile_app', 'value': '57.61'}, {'action_type': 'start_trial_total', 'value': '57.61'}]",2.504783,"[{'action_type': 'outbound_click', 'value': '2.504783'}]",2.504783,8.23,0.35128,,0.056205,0.056205,3.840667,,0.058369,1.986552,19.542062,19.831325,0.983718,2025-12-15,2025-12-15,1.014802,female,2948,0.78019,23,"[{'action_type': 'outbound_click', 'value': '23'}]","[{'action_type': 'outbound_click', 'value': '0.78019'}]",2905,57.61,70,4,69,840,391,215
,6,,,3,,,6,,,,,,,,,105,,105,,,,102,,6916170551184,14 blonde,6916162284184,FB_iOS_Purchase_itoshi_rap_female_261125,6913294159984,FB_iOS_Purchase_itoshi_v1_set6_211125,7,,1.45,"[{'action_type': 'outbound_click', 'value': '1.45'}]",1.45,,0.725,,0.041429,0.041429,,,0.042647,0.621429,14.948454,15.591398,2.405498,2025-12-15,2025-12-15,1.043011,male,291,1.030928,3,"[{'action_type': 'outbound_click', 'value': '3'}]","[{'action_type': 'outbound_click', 'value': '1.030928'}]",279,4.35,10,4,10,91,51,31
,,,,,,,,,,,,,,,,8,,8,,,,8,,6916170551184,14 blonde,6916162284184,FB_iOS_Purchase_itoshi_rap_female_261125,6913294159984,FB_iOS_Purchase_itoshi_v1_set6_211125,0,,,,,,,,0.08375,0.08375,,,0.08375,,33.5,35.263158,0,2025-12-15,2025-12-15,1.052632,unknown,20,,,,,19,0.67,1,3,1,6,2,2
,,,,,,,,,,,,,,,,1,,1,,,,1,,6916171454184,15 tyson,6913866281784,FB_iOS_Purchase_itoshi_rap_221125,6913294159984,FB_iOS_Purchase_itoshi_v1_set6_211125,0,,,,,,,,0.22,0.22,,,0.22,,27.5,27.5,0,2025-12-15,2025-12-15,1,male,8,,,,,8,0.22,1,3,1,1,1,1
,,,,,,,,,,,,,,,,,,,,,,,,6917461954984,04 Morgan_Gin - Copy,6917461491184,FB_iOS_Rap_StartTrial_set2_281125,6915577150584,FB_iOS_Rap_StartTrial_Set1_251125,0,,,,,,,,,,,,,,15,15,0,2025-12-15,2025-12-15,1,female,2,,,,,2,0.03,,2,,,,
,,,,,,,,,,,,,,,,11,,11,,,,11,,6917461954984,04 Morgan_Gin - Copy,6917461491184,FB_iOS_Rap_StartTrial_set2_281125,6915577150584,FB_iOS_Rap_StartTrial_Set1_251125,2,,,,,,,,0.062727,0.062727,,,0.062727,0.345,20.294118,20.294118,5.882353,2025-12-15,2025-12-15,1,male,34,,,,,34,0.69,2,4,2,10,6,5
,,,,,,,,,,,,,,,,1,,1,,,,1,,6917461955784,03 Mike_gin - Copy,6917461491184,FB_iOS_Rap_StartTrial_set2_281125,6915577150584,FB_iOS_Rap_StartTrial_Set1_251125,0,,,,,,,,0.19,0.19,,,0.19,,27.142857,27.142857,0,2025-12-15,2025-12-15,1,male,7,,,,,7,0.19,,2,,,,
,,,,5,,,,,,,3,,,,,178,,178,3,3,,170,,6917461956984,02 Eddie_Snoop - Copy,6917461491184,FB_iOS_Rap_StartTrial_set2_281125,6915577150584,FB_iOS_Rap_StartTrial_Set1_251125,5,,1.228,"[{'action_type': 'outbound_click', 'value': '1.228'}]",1.228,,,,0.034494,0.034494,2.046667,,0.036118,1.228,12.738589,13.06383,1.037344,2025-12-15,2025-12-15,1.025532,female,482,1.037344,5,"[{'action_type': 'outbound_click', 'value': '5'}]","[{'action_type': 'outbound_click', 'value': '1.037344'}]",470,6.14,18,4,17,149,78,50
,506,1,1,97,38,38,506,,,,9,3,3,1,,2833,2,2833,16,10,,2720,,6917461956984,02 Eddie_Snoop - Copy,6917461491184,FB_iOS_Rap_StartTrial_set2_281125,6915577150584,FB_iOS_Rap_StartTrial_Set1_251125,96,"[{'action_type': 'subscribe_mobile_app', 'value': '9.462'}, {'action_type': 'subscribe_total', 'value': '9.462'}, {'action_type': 'start_trial_mobile_app', 'value': '9.462'}, {'action_type': 'start_trial_total', 'value': '9.462'}]",0.975464,"[{'action_type': 'outbound_click', 'value': '0.975464'}]",0.975464,2.49,0.186996,,0.033399,0.033399,5.91375,,0.034787,0.985625,12.622732,12.975864,1.280683,2025-12-15,2025-12-15,1.027976,male,7496,1.294023,97,"[{'action_type': 'outbound_click', 'value': '97'}]","[{'action_type': 'outbound_click', 'value': '1.294023'}]",7292,94.62,268,4,254,2453,1323,795
,,,,1,,,,,,,,,,,,15,,15,,,,14,,6917461956984,02 Eddie_Snoop - Copy,6917461491184,FB_iOS_Rap_StartTrial_set2_281125,6915577150584,FB_iOS_Rap_StartTrial_Set1_251125,1,,0.56,"[{'action_type': 'outbound_click', 'value': '0.56'}]",0.56,,,,0.037333,0.037333,,,0.04,0.56,14,14.736842,2.5,2025-12-15,2025-12-15,1.052632,unknown,40,2.5,1,"[{'action_type': 'outbound_click', 'value': '1'}]","[{'action_type': 'outbound_click', 'value': '2.5'}]",38,0.56,,3,,12,5,1
,,,,,,,,,,,,,,,,3,,3,,,,3,,6917461957184,01 Jesus_travis - Copy,6917461491184,FB_iOS_Rap_StartTrial_set2_281125,6915577150584,FB_iOS_Rap_StartTrial_Set1_251125,0,,,,,,,,0.02,0.02,,,0.02,,10,10,0,2025-12-15,2025-12-15,1,male,6,,,,,6,0.06,,4,,3,1,1
,,,,,,,,,,,,,,,,3,,3,,,,3,,6917505479784,06 fbg og - Copy 2,6917504275184,FB_iOS_Rap_StartTrial_female_281125,6915577150584,FB_iOS_Rap_StartTrial_Set1_251125,0,,,,,,,,0.036667,0.036667,,,0.036667,,22,22,0,2025-12-15,2025-12-15,1,female,5,,,,,5,0.11,,4,,2,1,
,,,,,,,,,,,,,,,,2,,2,,,,2,,6917505479784,06 fbg og - Copy 2,6917504275184,FB_iOS_Rap_StartTrial_female_281125,6915577150584,FB_iOS_Rap_StartTrial_Set1_251125,0,,,,,,,,0.045,0.045,,,0.045,,22.5,30,0,2025-12-15,2025-12-15,1.333333,male,4,,,,,3,0.09,,3,,2,,
,,,,,,,,,,,,,,,,1,,1,,,,1,,6917505480184,04 Prerna - Copy 2,6917504275184,FB_iOS_Rap_StartTrial_female_281125,6915577150584,FB_iOS_Rap_StartTrial_Set1_251125,0,,,,,,,,0.01,0.01,,,0.01,,10,10,0,2025-12-15,2025-12-15,1,female,1,,,,,1,0.01,,3,,,,
,,,,3,2,2,,,,,,,,,,97,,97,,,,94,,6917505480584,07 black_4 - Copy 2,6917504275184,FB_iOS_Rap_StartTrial_female_281125,6915577150584,FB_iOS_Rap_StartTrial_Set1_251125,3,,1.706667,"[{'action_type': 'outbound_click', 'value': '1.706667'}]",1.706667,2.56,,,0.052784,0.052784,,,0.054468,1.706667,16.410256,16.953642,0.961538,2025-12-15,2025-12-15,1.033113,female,312,0.961538,3,"[{'action_type': 'outbound_click', 'value': '3'}]","[{'action_type': 'outbound_click', 'value': '0.961538'}]",302,5.12,12,3,10,91,41,25
,1,,,1,,,1,,,,,,,,,3,,3,,,,2,,6917505480584,07 black_4 - Copy 2,6917504275184,FB_iOS_Rap_StartTrial_female_281125,6915577150584,FB_iOS_Rap_StartTrial_Set1_251125,1,,0.36,"[{'action_type': 'outbound_click', 'value': '0.36'}]",0.36,,0.36,,0.12,0.12,,,0.18,0.36,22.5,25.714286,6.25,2025-12-15,2025-12-15,1.142857,male,16,6.25,1,"[{'action_type': 'outbound_click', 'value': '1'}]","[{'action_type': 'outbound_click', 'value': '6.25'}]",14,0.36,1,4,1,2,1,1
,,,,,,,,,,,,,,,,1,,1,,,,1,,6917505480584,07 black_4 - Copy 2,6917504275184,FB_iOS_Rap_StartTrial_female_281125,6915577150584,FB_iOS_Rap_StartTrial_Set1_251125,0,,,,,,,,0,0,,,0,,0,0,0,2025-12-15,2025-12-15,1,unknown,1,,,,,1,0,,11,,1,1,1
,,,,,,,,,,,,,,,,,,,,,,,,6917505480984,13 blonde - Copy 2,6917504275184,FB_iOS_Rap_StartTrial_female_281125,6915577150584,FB_iOS_Rap_StartTrial_Set1_251125,0,,,,,,,,,,,,,,0,0,0,2025-12-15,2025-12-15,1,male,1,,,,,1,0,,2,,,,
,163,1,,47,16,16,163,,,,16,1,1,,,1304,,1304,17,16,,1240,,6917505481184,14 blonde - Copy 2,6917504275184,FB_iOS_Rap_StartTrial_female_281125,6915577150584,FB_iOS_Rap_StartTrial_Set1_251125,53,"[{'action_type': 'subscribe_mobile_app', 'value': '14.61'}, {'action_type': 'subscribe_total', 'value': '14.61'}, {'action_type': 'start_trial_mobile_app', 'value': '21.915'}, {'action_type': 'start_trial_total', 'value': '21.915'}]",0.932553,"[{'action_type': 'outbound_click', 'value': '0.932553'}]",0.932553,2.739375,0.268896,,0.033612,0.033612,2.578235,,0.035347,0.826981,12.419949,12.90636,1.501842,2025-12-15,2025-12-15,1.039164,female,3529,1.331822,47,"[{'action_type': 'outbound_click', 'value': '47'}]","[{'action_type': 'outbound_click', 'value': '1.331822'}]",3396,43.83,105,4,98,1066,529,295
,,,,1,,,,,,,1,,,,,57,,57,1,1,,55,,6917505481184,14 blonde - Copy 2,6917504275184,FB_iOS_Rap_StartTrial_female_281125,6915577150584,FB_iOS_Rap_StartTrial_Set1_251125,1,,1.58,"[{'action_type': 'outbound_click', 'value': '1.58'}]",1.58,,,,0.027719,0.027719,1.58,,0.028727,1.58,8.977273,9.404762,0.568182,2025-12-15,2025-12-15,1.047619,male,176,0.568182,1,"[{'action_type': 'outbound_click', 'value': '1'}]","[{'action_type': 'outbound_click', 'value': '0.568182'}]",168,1.58,7,4,6,46,20,15
,,,,,,,,,,,,,,,,11,,11,,,,11,,6917505481184,14 blonde - Copy 2,6917504275184,FB_iOS_Rap_StartTrial_female_281125,6915577150584,FB_iOS_Rap_StartTrial_Set1_251125,0,,,,,,,,0.029091,0.029091,,,0.029091,,12.8,12.8,0,2025-12-15,2025-12-15,1,unknown,25,,,,,25,0.32,1,4,1,10,4,2
,,,,,,,,,,,,,,,,,,,,,,,,6917505481384,01 Esha - Copy 2,6917504275184,FB_iOS_Rap_StartTrial_female_281125,6915577150584,FB_iOS_Rap_StartTrial_Set1_251125,0,,,,,,,,,,,,,,0,0,0,2025-12-15,2025-12-15,1,male,1,,,,,1,0,,1,,,,
,,,,,,,,,,,,,,,,1,,1,,,,1,,6917505481584,02 blonde - Copy 2,6917504275184,FB_iOS_Rap_StartTrial_female_281125,6915577150584,FB_iOS_Rap_StartTrial_Set1_251125,0,,,,,,,,0.07,0.07,,,0.07,,35,35,0,2025-12-15,2025-12-15,1,female,2,,,,,2,0.07,,4,,1,1,
,,,,,,,,,,,,,,,,1,,1,,,,1,,6917505481584,02 blonde - Copy 2,6917504275184,FB_iOS_Rap_StartTrial_female_281125,6915577150584,FB_iOS_Rap_StartTrial_Set1_251125,0,,,,,,,,0.02,0.02,,,0.02,,20,20,0,2025-12-15,2025-12-15,1,male,1,,,,,1,0.02,,7,,1,1,
,346,,,47,28,28,346,,,,7,2,2,1,,1287,3,1287,13,8,,1227,,6917505481984,12 Prerna - Copy 2,6917504275184,FB_iOS_Rap_StartTrial_female_281125,6915577150584,FB_iOS_Rap_StartTrial_Set1_251125,49,"[{'action_type': 'subscribe_mobile_app', 'value': '12.545'}, {'action_type': 'subscribe_total', 'value': '12.545'}]",1.06766,"[{'action_type': 'outbound_click', 'value': '1.06766'}]",1.06766,1.792143,0.145029,,0.03899,0.03899,3.86,,0.040897,1.024082,14.625474,14.970167,1.428155,2025-12-15,2025-12-15,1.023568,female,3431,1.369863,47,"[{'action_type': 'outbound_click', 'value': '47'}]","[{'action_type': 'outbound_click', 'value': '1.369863'}]",3352,50.18,131,4,124,1114,540,335
,,,,,,,,,,,1,,,,,50,,50,1,1,,49,,6917505481984,12 Prerna - Copy 2,6917504275184,FB_iOS_Rap_StartTrial_female_281125,6915577150584,FB_iOS_Rap_StartTrial_Set1_251125,0,,,,,,,,0.0388,0.0388,1.94,,0.039592,,13.197279,13.37931,0,2025-12-15,2025-12-15,1.013793,male,147,,,,,145,1.94,4,3,4,40,18,10
,,,,,,,,,,,,,,,,3,,3,,,,3,,6917505481984,12 Prerna - Copy 2,6917504275184,FB_iOS_Rap_StartTrial_female_281125,6915577150584,FB_iOS_Rap_StartTrial_Set1_251125,0,,,,,,,,0.14,0.14,,,0.14,,20,22.105263,0,2025-12-15,2025-12-15,1.105263,unknown,21,,,,,19,0.42,,1,,2,,
,,,,1,,,,,,,,,,,,49,,49,,,,48,,6920992822584,04 Morgan_Gin - Copy,6920991033184,FB_iOS_itoshi_rap_set2_271125 (from install 1),6920965699384,FB_iOS_Purchase_Rap_251203,2,,3.86,"[{'action_type': 'outbound_click', 'value': '3.86'}]",3.86,,,,0.078776,0.078776,,,0.080417,1.93,28.175182,28.592593,1.459854,2025-12-15,2025-12-15,1.014815,female,137,0.729927,1,"[{'action_type': 'outbound_click', 'value': '1'}]","[{'action_type': 'outbound_click', 'value': '0.729927'}]",135,3.86,3,4,3,38,18,12
,349,,,39,20,20,349,,,,16,,,,,1808,2,1808,18,16,,1751,,6920992822584,04 Morgan_Gin - Copy,6920991033184,FB_iOS_itoshi_rap_set2_271125 (from install 1),6920965699384,FB_iOS_Purchase_Rap_251203,39,"[{'action_type': 'subscribe_mobile_app', 'value': '9.19375'}, {'action_type': 'subscribe_total', 'value': '9.19375'}, {'action_type': 'start_trial_mobile_app', 'value': '24.516667'}, {'action_type': 'start_trial_total', 'value': '24.516667'}]",1.885897,"[{'action_type': 'outbound_click', 'value': '1.885897'}]",1.885897,3.6775,0.210745,,0.04068,0.04068,4.086111,,0.042005,1.885897,19.329829,19.926849,1.024967,2025-12-15,2025-12-15,1.030886,male,3805,1.024967,39,"[{'action_type': 'outbound_click', 'value': '39'}]","[{'action_type': 'outbound_click', 'value': '1.024967'}]",3691,73.55,194,5,182,1599,889,551
,,,,,,,,,,,,,,,,12,,12,,,,12,,6920992822584,04 Morgan_Gin - Copy,6920991033184,FB_iOS_itoshi_rap_set2_271125 (from install 1),6920965699384,FB_iOS_Purchase_Rap_251203,0,,,,,,,,0.06,0.06,,,0.06,,18.461538,18.461538,0,2025-12-15,2025-12-15,1,unknown,39,,,,,39,0.72,2,4,2,12,8,6
,,,,1,,,,,,,1,,,,,21,,21,1,1,,19,,6920992823584,02 Eddie_Snoop - Copy,6920991033184,FB_iOS_itoshi_rap_set2_271125 (from install 1),6920965699384,FB_iOS_Purchase_Rap_251203,1,,0.8,"[{'action_type': 'outbound_click', 'value': '0.8'}]",0.8,,,,0.038095,0.038095,0.8,,0.042105,0.8,18.181818,18.181818,2.272727,2025-12-15,2025-12-15,1,female,44,2.272727,1,"[{'action_type': 'outbound_click', 'value': '1'}]","[{'action_type': 'outbound_click', 'value': '2.272727'}]",44,0.8,2,4,2,19,7,6
,44,,,12,5,5,44,,,,3,,,,,526,,526,3,3,,511,,6920992823584,02 Eddie_Snoop - Copy,6920991033184,FB_iOS_itoshi_rap_set2_271125 (from install 1),6920965699384,FB_iOS_Purchase_Rap_251203,14,,1.454167,"[{'action_type': 'outbound_click', 'value': '1.454167'}]",1.454167,3.49,0.396591,,0.033175,0.033175,5.816667,,0.034149,1.246429,15.095156,15.483585,1.211073,2025-12-15,2025-12-15,1.025732,male,1156,1.038062,12,"[{'action_type': 'outbound_click', 'value': '12'}]","[{'action_type': 'outbound_click', 'value': '1.038062'}]",1127,17.45,38,4,36,449,213,118
,,,,,,,,,,,,,,,,2,,2,,,,2,,6920992823584,02 Eddie_Snoop - Copy,6920991033184,FB_iOS_itoshi_rap_set2_271125 (from install 1),6920965699384,FB_iOS_Purchase_Rap_251203,0,,,,,,,,0.03,0.03,,,0.03,,8.571429,8.571429,0,2025-12-15,2025-12-15,1,unknown,7,,,,,7,0.06,,2,,1,,
,,,,,,,,,,,,,,,,,,,,,,,,6920994402584,07_nose ring_Big energy - Copy,6920991773384,F_Purhcase_Rap_BigEnergy_251203,6920965699384,FB_iOS_Purchase_Rap_251203,0,,,,,,,,,,,,,,0,0,0,2025-12-15,2025-12-15,1,female,1,,,,,1,0,,3,,,,
,,,,,,,,,,,,,,,,,,,,,,,,6920994402584,07_nose ring_Big energy - Copy,6920991773384,F_Purhcase_Rap_BigEnergy_251203,6920965699384,FB_iOS_Purchase_Rap_251203,0,,,,,,,,,,,,,,10,10,0,2025-12-15,2025-12-15,1,male,1,,,,,1,0.01,,1,,,,
,,,,,,,,,,,,,,,,,,,,,,,,6920994402784,09_red lipstick_Big energy - Copy,6920991773384,F_Purhcase_Rap_BigEnergy_251203,6920965699384,FB_iOS_Purchase_Rap_251203,0,,,,,,,,,,,,,,10,10,0,2025-12-15,2025-12-15,1,female,1,,,,,1,0.01,,1,,,,
,,,,,,,,,,,,,,,,,,,,,,,,6920994402784,09_red lipstick_Big energy - Copy,6920991773384,F_Purhcase_Rap_BigEnergy_251203,6920965699384,FB_iOS_Purchase_Rap_251203,0,,,,,,,,,,,,,,40,80,0,2025-12-15,2025-12-15,2,male,2,,,,,1,0.08,,2,,,,
,,,,,,,,,,,,,,,,,,,,,,,,6920994402984,06_green hair_Big energy - Copy,6920991773384,F_Purhcase_Rap_BigEnergy_251203,6920965699384,FB_iOS_Purchase_Rap_251203,0,,,,,,,,,,,,,,10,10,0,2025-12-15,2025-12-15,1,female,1,,,,,1,0.01,,1,,,,
,,,,,,,,,,,,,,,,,,,,,,,,6920994402984,06_green hair_Big energy - Copy,6920991773384,F_Purhcase_Rap_BigEnergy_251203,6920965699384,FB_iOS_Purchase_Rap_251203,0,,,,,,,,,,,,,,100,100,0,2025-12-15,2025-12-15,1,male,2,,,,,2,0.2,,1,,,,
,382,3,,67,28,28,382,,,,28,,,,,1741,1,1741,29,28,,1645,,6920994403584,03_blackbodysuit_Big energy - Copy,6920991773384,F_Purhcase_Rap_BigEnergy_251203,6920965699384,FB_iOS_Purchase_Rap_251203,66,"[{'action_type': 'subscribe_mobile_app', 'value': '18.174'}, {'action_type': 'subscribe_total', 'value': '18.174'}, {'action_type': 'start_trial_mobile_app', 'value': '90.87'}, {'action_type': 'start_trial_total', 'value': '90.87'}]",1.356269,"[{'action_type': 'outbound_click', 'value': '1.356269'}]",1.356269,3.245357,0.23788,,0.052194,0.052194,3.133448,,0.05524,1.376818,27.190305,28.602455,1.974865,2025-12-15,2025-12-15,1.051936,female,3342,2.004788,67,"[{'action_type': 'outbound_click', 'value': '67'}]","[{'action_type': 'outbound_click', 'value': '2.004788'}]",3177,90.87,333,6,315,1528,969,732
,2,,,2,,,2,,,,3,,,,,131,,131,3,3,,126,,6920994403584,03_blackbodysuit_Big energy - Copy,6920991773384,F_Purhcase_Rap_BigEnergy_251203,6920965699384,FB_iOS_Purchase_Rap_251203,3,,4.085,"[{'action_type': 'outbound_click', 'value': '4.085'}]",4.085,,4.085,,0.062366,0.062366,2.723333,,0.064841,2.723333,27.05298,30.371747,0.993377,2025-12-15,2025-12-15,1.122677,male,302,0.662252,2,"[{'action_type': 'outbound_click', 'value': '2'}]","[{'action_type': 'outbound_click', 'value': '0.662252'}]",269,8.17,24,5,24,114,68,56
,,,,,,,,,,,,,,,,9,,9,,,,9,,6920994403584,03_blackbodysuit_Big energy - Copy,6920991773384,F_Purhcase_Rap_BigEnergy_251203,6920965699384,FB_iOS_Purchase_Rap_251203,0,,,,,,,,0.04,0.04,,,0.04,,18.947368,20,0,2025-12-15,2025-12-15,1.055556,unknown,19,,,,,18,0.36,2,5,2,9,5,5
,,,,,,,,,,,,,,,,,,,,,,,,6920994404184,04_fbg_Big energy - Copy,6920991773384,F_Purhcase_Rap_BigEnergy_251203,6920965699384,FB_iOS_Purchase_Rap_251203,0,,,,,,,,,,,,,,0,0,0,2025-12-15,2025-12-15,1,male,1,,,,,1,0,,1,,,,
,,,,,,,,,,,,,,,,,,,,,,,,6920994404384,05_greendress_Big energy - Copy,6920991773384,F_Purhcase_Rap_BigEnergy_251203,6920965699384,FB_iOS_Purchase_Rap_251203,0,,,,,,,,,,,,,,10,10,0,2025-12-15,2025-12-15,1,female,1,,,,,1,0.01,,,,,,
,,,,,,,,,,,,,,,,,,,,,,,,6920994404384,05_greendress_Big energy - Copy,6920991773384,F_Purhcase_Rap_BigEnergy_251203,6920965699384,FB_iOS_Purchase_Rap_251203,0,,,,,,,,,,,,,,15,15,0,2025-12-15,2025-12-15,1,male,2,,,,,2,0.03,,1,,,,
,4,,,5,,,4,,,,3,,,,,147,,147,3,3,,139,,6920995425584,04_MorganF_Nuthin But A G Thang - Copy,6920991984384,F_Purhcase_Rap_GThang_251203,6920965699384,FB_iOS_Purchase_Rap_251203,6,,1.412,"[{'action_type': 'outbound_click', 'value': '1.412'}]",1.412,,1.765,,0.048027,0.048027,2.353333,,0.050791,1.176667,22.922078,23.691275,1.948052,2025-12-15,2025-12-15,1.033557,female,308,1.623377,5,"[{'action_type': 'outbound_click', 'value': '5'}]","[{'action_type': 'outbound_click', 'value': '1.623377'}]",298,7.06,7,4,6,115,57,26
1,376,,2,74,31,31,376,1,1,,23,,,1,1,2456,5,2456,31,24,1,2351,1,6920995425584,04_MorganF_Nuthin But A G Thang - Copy,6920991984384,F_Purhcase_Rap_GThang_251203,6920965699384,FB_iOS_Purchase_Rap_251203,80,"[{'action_type': 'subscribe_mobile_app', 'value': '18.192'}, {'action_type': 'subscribe_total', 'value': '18.192'}]",1.229189,"[{'action_type': 'outbound_click', 'value': '1.229189'}]",1.229189,2.934194,0.241915,90.96,0.037036,0.037036,2.934194,90.96,0.03869,1.137,17.720631,18.985598,1.558543,2025-12-15,2025-12-15,1.071384,male,5133,1.441652,74,"[{'action_type': 'outbound_click', 'value': '74'}]","[{'action_type': 'outbound_click', 'value': '1.441652'}]",4791,90.96,234,4,220,2082,1065,633
,2,,,2,,,2,,,,,,,,,22,,22,,,,20,,6920995425584,04_MorganF_Nuthin But A G Thang - Copy,6920991984384,F_Purhcase_Rap_GThang_251203,6920965699384,FB_iOS_Purchase_Rap_251203,2,,0.555,"[{'action_type': 'outbound_click', 'value': '0.555'}]",0.555,,0.555,,0.050455,0.050455,,,0.0555,0.555,22.653061,24.130435,4.081633,2025-12-15,2025-12-15,1.065217,unknown,49,4.081633,2,"[{'action_type': 'outbound_click', 'value': '2'}]","[{'action_type': 'outbound_click', 'value': '4.081633'}]",46,1.11,1,4,1,16,8,2
,,,,,,,,,,,,,,,,,,,,,,,,6920995425984,05_Snoop_Nuthin But A G Thang - Copy,6920991984384,F_Purhcase_Rap_GThang_251203,6920965699384,FB_iOS_Purchase_Rap_251203,0,,,,,,,,,,,,,,5,5,0,2025-12-15,2025-12-15,1,male,2,,,,,2,0.01,,2,,,,
,,,,,,,,,,,,,,,,,,,,,,,,6920996505584,01_black4_Wap 2 - Copy,6920965699184,F_Purhcase_Rap_WAP2_251203,6920965699384,FB_iOS_Purchase_Rap_251203,0,,,,,,,,,,,,,,10,10,0,2025-12-15,2025-12-15,1,female,2,,,,,2,0.02,,1,,,,
,,,,,,,,,,,,,,,,1,,1,,,,1,,6920996505584,01_black4_Wap 2 - Copy,6920965699184,F_Purhcase_Rap_WAP2_251203,6920965699384,FB_iOS_Purchase_Rap_251203,0,,,,,,,,0.42,0.42,,,0.42,,84,84,0,2025-12-15,2025-12-15,1,male,5,,,,,5,0.42,,2,,,,
,,,,,,,,,,,,,,,,1,,1,,,,1,,6920996505984,04_fbg_Wap 2 - Copy,6920965699184,F_Purhcase_Rap_WAP2_251203,6920965699384,FB_iOS_Purchase_Rap_251203,0,,,,,,,,0.03,0.03,,,0.03,,7.5,7.5,0,2025-12-15,2025-12-15,1,female,4,,,,,4,0.03,,3,,1,,
,,,,,,,,,,,,,,,,1,,1,,,,1,,6920996505984,04_fbg_Wap 2 - Copy,6920965699184,F_Purhcase_Rap_WAP2_251203,6920965699384,FB_iOS_Purchase_Rap_251203,0,,,,,,,,0.04,0.04,,,0.04,,20,20,0,2025-12-15,2025-12-15,1,male,2,,,,,2,0.04,,7,,1,1,1
,,,,,,,,,,,,,,,,,,,,,,,,6920996506384,06_green hair_Wap 2 - Copy,6920965699184,F_Purhcase_Rap_WAP2_251203,6920965699384,FB_iOS_Purchase_Rap_251203,0,,,,,,,,,,,,,,0,0,0,2025-12-15,2025-12-15,1,female,1,,,,,1,0,,3,,,,
,,,,,,,,,,,,,,,,,,,,,,,,6920996506384,06_green hair_Wap 2 - Copy,6920965699184,F_Purhcase_Rap_WAP2_251203,6920965699384,FB_iOS_Purchase_Rap_251203,0,,,,,,,,,,,,,,15,15,0,2025-12-15,2025-12-15,1,male,2,,,,,2,0.03,,1,,,,
,,,,,,,,,,,,,,,,1,,1,,,,1,,6920996506584,11_yellow dress_Wap 2 - Copy,6920965699184,F_Purhcase_Rap_WAP2_251203,6920965699384,FB_iOS_Purchase_Rap_251203,0,,,,,,,,0.05,0.05,,,0.05,,50,50,0,2025-12-15,2025-12-15,1,female,1,,,,,1,0.05,,3,,,,
,,,,,,,,,,,,,,,,1,,1,,,,1,,6920996506784,10_Red pants_Wap 2 - Copy,6920965699184,F_Purhcase_Rap_WAP2_251203,6920965699384,FB_iOS_Purchase_Rap_251203,0,,,,,,,,0.01,0.01,,,0.01,,10,10,0,2025-12-15,2025-12-15,1,female,1,,,,,1,0.01,,12,,1,1,1
,457,,1,70,33,33,457,,,,24,,,,,2133,1,2133,26,24,,2037,,6920996506984,02_blackNew_Wap 2 - Copy,6920965699184,F_Purhcase_Rap_WAP2_251203,6920965699384,FB_iOS_Purchase_Rap_251203,69,"[{'action_type': 'subscribe_mobile_app', 'value': '8.215455'}, {'action_type': 'subscribe_total', 'value': '8.215455'}, {'action_type': 'start_trial_mobile_app', 'value': '22.5925'}, {'action_type': 'start_trial_total', 'value': '22.5925'}]",1.291,"[{'action_type': 'outbound_click', 'value': '1.291'}]",1.291,2.738485,0.197746,,0.042368,0.042368,3.475769,,0.044364,1.30971,20.69858,21.283561,1.580394,2025-12-15,2025-12-15,1.028262,female,4366,1.603298,70,"[{'action_type': 'outbound_click', 'value': '70'}]","[{'action_type': 'outbound_click', 'value': '1.603298'}]",4246,90.37,256,5,240,1866,1129,792
,,,,4,,,,,,,1,,,,,92,,92,1,1,,87,,6920996506984,02_blackNew_Wap 2 - Copy,6920965699184,F_Purhcase_Rap_WAP2_251203,6920965699384,FB_iOS_Purchase_Rap_251203,5,,0.9425,"[{'action_type': 'outbound_click', 'value': '0.9425'}]",0.9425,,,,0.040978,0.040978,3.77,,0.043333,0.754,17.214612,18.300971,2.283105,2025-12-15,2025-12-15,1.063107,male,219,1.826484,4,"[{'action_type': 'outbound_click', 'value': '4'}]","[{'action_type': 'outbound_click', 'value': '1.826484'}]",206,3.77,12,6,12,80,55,39
,,,,,,,,,,,,,,,,12,,12,,,,12,,6920996506984,02_blackNew_Wap 2 - Copy,6920965699184,F_Purhcase_Rap_WAP2_251203,6920965699384,FB_iOS_Purchase_Rap_251203,0,,,,,,,,0.055833,0.055833,,,0.055833,,25.769231,29.130435,0,2025-12-15,2025-12-15,1.130435,unknown,26,,,,,23,0.67,2,4,2,12,6,4
,,,,,,,,,,,,,,,,1,,1,,,,1,,6920996507584,05_greendress_Wap 2 - Copy,6920965699184,F_Purhcase_Rap_WAP2_251203,6920965699384,FB_iOS_Purchase_Rap_251203,0,,,,,,,,0.04,0.04,,,0.04,,13.333333,13.333333,0,2025-12-15,2025-12-15,1,female,3,,,,,3,0.04,,3,,1,,
,,,,,,,,,,,,,,,,1,,1,,,,1,,6920999335984,11_yellow dress_Wap 1 - Copy,6920998203984,F_Purhcase_Rap_WAP1_251203,6920965699384,FB_iOS_Purchase_Rap_251203,0,,,,,,,,0.2,0.2,,,0.2,,33.333333,33.333333,0,2025-12-15,2025-12-15,1,female,6,,,,,6,0.2,,2,,,,
,,,,,,,,,,,,,,,,1,,1,,,,1,,6920999335984,11_yellow dress_Wap 1 - Copy,6920998203984,F_Purhcase_Rap_WAP1_251203,6920965699384,FB_iOS_Purchase_Rap_251203,0,,,,,,,,0.08,0.08,,,0.08,,20,20,0,2025-12-15,2025-12-15,1,male,4,,,,,4,0.08,,4,,1,1,1
,,,,,,,,,,,,,,,,,,,,,,,,6920999336184,07_nose ring_Wap 1 - Copy,6920998203984,F_Purhcase_Rap_WAP1_251203,6920965699384,FB_iOS_Purchase_Rap_251203,0,,,,,,,,,,,,,,50,50,0,2025-12-15,2025-12-15,1,female,1,,,,,1,0.05,,2,,,,
,,,,,,,,,,,,,,,,,,,,,,,,6920999336184,07_nose ring_Wap 1 - Copy,6920998203984,F_Purhcase_Rap_WAP1_251203,6920965699384,FB_iOS_Purchase_Rap_251203,0,,,,,,,,,,,,,,15,15,0,2025-12-15,2025-12-15,1,male,2,,,,,2,0.03,,0,,,,
,,,,,,,,,,,,,,,,,,,,,,,,6920999336384,08_Red dress_Wap 1 - Copy,6920998203984,F_Purhcase_Rap_WAP1_251203,6920965699384,FB_iOS_Purchase_Rap_251203,0,,,,,,,,,,,,,,10,10,0,2025-12-15,2025-12-15,1,female,1,,,,,1,0.01,,1,,,,
,,,,,,,,,,,,,,,,2,,2,,,,2,,6920999336784,05_greendress_Wap 1 - Copy,6920998203984,F_Purhcase_Rap_WAP1_251203,6920965699384,FB_iOS_Purchase_Rap_251203,0,,,,,,,,0.095,0.095,,,0.095,,38,38,0,2025-12-15,2025-12-15,1,female,5,,,,,5,0.19,,2,,1,,
,,,,,,,,,,,,,,,,,,,,,,,,6920999336784,05_greendress_Wap 1 - Copy,6920998203984,F_Purhcase_Rap_WAP1_251203,6920965699384,FB_iOS_Purchase_Rap_251203,0,,,,,,,,,,,,,,10,10,0,2025-12-15,2025-12-15,1,male,2,,,,,2,0.02,,1,,,,
,,,,,,,,,,,,,,,,,,,,,,,,6920999336984,03_blackbodysuit_Wap 1 - Copy,6920998203984,F_Purhcase_Rap_WAP1_251203,6920965699384,FB_iOS_Purchase_Rap_251203,0,,,,,,,,,,,,,,20,20,0,2025-12-15,2025-12-15,1,male,1,,,,,1,0.02,,2,,,,
,122,4,,31,20,20,122,,,,12,,,1,,908,,908,13,13,,864,,6920999337184,02_blackNew_Wap 1 - Copy,6920998203984,F_Purhcase_Rap_WAP1_251203,6920965699384,FB_iOS_Purchase_Rap_251203,33,"[{'action_type': 'subscribe_mobile_app', 'value': '23.81'}, {'action_type': 'subscribe_total', 'value': '23.81'}]",1.536129,"[{'action_type': 'outbound_click', 'value': '1.536129'}]",1.536129,2.381,0.390328,,0.052445,0.052445,3.663077,,0.055116,1.44303,25.671159,26.934389,1.778976,2025-12-15,2025-12-15,1.049208,female,1855,1.671159,31,"[{'action_type': 'outbound_click', 'value': '31'}]","[{'action_type': 'outbound_click', 'value': '1.671159'}]",1768,47.62,141,5,136,780,514,349
,,,,3,1,1,,,,,,,,,,137,,137,,,,134,,6920999337184,02_blackNew_Wap 1 - Copy,6920998203984,F_Purhcase_Rap_WAP1_251203,6920965699384,FB_iOS_Purchase_Rap_251203,3,,2.456667,"[{'action_type': 'outbound_click', 'value': '2.456667'}]",2.456667,7.37,,,0.053796,0.053796,,,0.055,2.456667,23.103448,24.648829,0.940439,2025-12-15,2025-12-15,1.06689,male,319,0.940439,3,"[{'action_type': 'outbound_click', 'value': '3'}]","[{'action_type': 'outbound_click', 'value': '0.940439'}]",299,7.37,21,12,20,118,78,48
,,,,,,,,,,,,,,,,4,,4,,,,4,,6920999337184,02_blackNew_Wap 1 - Copy,6920998203984,F_Purhcase_Rap_WAP1_251203,6920965699384,FB_iOS_Purchase_Rap_251203,0,,,,,,,,0.0875,0.0875,,,0.0875,,23.333333,23.333333,0,2025-12-15,2025-12-15,1,unknown,15,,,,,15,0.35,1,8,1,4,4,3
,,,,,,,,,,,,,,,,,,,,,,,,6920999337384,10_Red pants_Wap 1 - Copy,6920998203984,F_Purhcase_Rap_WAP1_251203,6920965699384,FB_iOS_Purchase_Rap_251203,0,,,,,,,,,,,,,,0,0,0,2025-12-15,2025-12-15,1,female,1,,,,,1,0,,,,,,
,,,,,,,,,,,,,,,,,,,,,,,,6920999337384,10_Red pants_Wap 1 - Copy,6920998203984,F_Purhcase_Rap_WAP1_251203,6920965699384,FB_iOS_Purchase_Rap_251203,0,,,,,,,,,,,,,,5,5,0,2025-12-15,2025-12-15,1,male,2,,,,,2,0.01,,1,,,,
,,,,,,,,,,,,,,,,,,,,,,,,6920999337784,06_green hair_Wap 1 - Copy,6920998203984,F_Purhcase_Rap_WAP1_251203,6920965699384,FB_iOS_Purchase_Rap_251203,0,,,,,,,,,,,,,,10,10,0,2025-12-15,2025-12-15,1,female,4,,,,,4,0.04,,2,,,,
,,,,,,,,,,,,,,,,1,,1,,,,1,,6920999337784,06_green hair_Wap 1 - Copy,6920998203984,F_Purhcase_Rap_WAP1_251203,6920965699384,FB_iOS_Purchase_Rap_251203,0,,,,,,,,0.22,0.22,,,0.22,,24.444444,27.5,0,2025-12-15,2025-12-15,1.125,male,9,,,,,8,0.22,1,7,1,1,1,1
,66,3,,29,8,8,66,,,,3,,,,,735,,735,3,3,,703,,6920999337984,04_fbg_Wap 1 - Copy,6920998203984,F_Purhcase_Rap_WAP1_251203,6920965699384,FB_iOS_Purchase_Rap_251203,30,,1.35,"[{'action_type': 'outbound_click', 'value': '1.35'}]",1.35,4.89375,0.593182,,0.053265,0.053265,13.05,,0.05569,1.305,24.778481,26.328178,1.898734,2025-12-15,2025-12-15,1.062542,female,1580,1.835443,29,"[{'action_type': 'outbound_click', 'value': '29'}]","[{'action_type': 'outbound_click', 'value': '1.835443'}]",1487,39.15,97,4,91,646,352,272
,,,,2,,,,,,,4,,,,,124,,124,4,4,,118,,6920999337984,04_fbg_Wap 1 - Copy,6920998203984,F_Purhcase_Rap_WAP1_251203,6920965699384,FB_iOS_Purchase_Rap_251203,2,,2.76,"[{'action_type': 'outbound_click', 'value': '2.76'}]",2.76,,,,0.044516,0.044516,1.38,,0.04678,2.76,18.90411,20.21978,0.684932,2025-12-15,2025-12-15,1.069597,male,292,0.684932,2,"[{'action_type': 'outbound_click', 'value': '2'}]","[{'action_type': 'outbound_click', 'value': '0.684932'}]",273,5.52,18,4,18,104,60,44
,,,,,,,,,,,,,,,,4,,4,,,,4,,6920999337984,04_fbg_Wap 1 - Copy,6920998203984,F_Purhcase_Rap_WAP1_251203,6920965699384,FB_iOS_Purchase_Rap_251203,0,,,,,,,,0.13,0.13,,,0.13,,47.272727,47.272727,0,2025-12-15,2025-12-15,1,unknown,11,,,,,11,0.52,1,5,1,4,3,3
,,,,,,,,,,,,,,,,,,,,,,,,6924668031984,01 Morgan_Gasstation_gthang,6924668039784,FB_iOS_Rap_StartTrial_gasstation_091225,6924668035784,FB_iOS_Rap_StartTrial_Set2_091225,0,,,,,,,,,,,,,,440,440,0,2025-12-15,2025-12-15,1,female,1,,,,,1,0.44,,1,,,,
,,,,,,,,,,,,,,,,,,,,,,,,6924668031984,01 Morgan_Gasstation_gthang,6924668039784,FB_iOS_Rap_StartTrial_gasstation_091225,6924668035784,FB_iOS_Rap_StartTrial_Set2_091225,0,,,,,,,,,,,,,,20.833333,22.727273,0,2025-12-15,2025-12-15,1.090909,male,12,,,,,11,0.25,,1,,,,
1,428,,,78,35,35,428,1,1,,23,8,8,1,1,2510,3,2510,35,24,1,2397,1,6924679041584,12_prerna_noendcardaudio,6924675697784,FB_iOS_Rap_StartTrial_winnersnomusic_091225,6915577150584,FB_iOS_Rap_StartTrial_Set1_251125,99,"[{'action_type': 'subscribe_mobile_app', 'value': '7.975833'}, {'action_type': 'subscribe_total', 'value': '7.975833'}, {'action_type': 'start_trial_mobile_app', 'value': '19.142'}, {'action_type': 'start_trial_total', 'value': '19.142'}]",1.227051,"[{'action_type': 'outbound_click', 'value': '1.227051'}]",1.227051,2.734571,0.223622,95.71,0.038131,0.038131,2.734571,95.71,0.039929,0.966768,16.553096,16.750088,1.71221,2025-12-15,2025-12-15,1.011901,female,5782,1.349014,78,"[{'action_type': 'outbound_click', 'value': '78'}]","[{'action_type': 'outbound_click', 'value': '1.349014'}]",5714,95.71,206,5,205,2173,1032,651
,,,,3,,,,,,,1,,,,,178,,178,1,1,,174,,6924679041584,12_prerna_noendcardaudio,6924675697784,FB_iOS_Rap_StartTrial_winnersnomusic_091225,6915577150584,FB_iOS_Rap_StartTrial_Set1_251125,3,,2,"[{'action_type': 'outbound_click', 'value': '2'}]",2,,,,0.033708,0.033708,6,,0.034483,2,14.018692,14.084507,0.700935,2025-12-15,2025-12-15,1.004695,male,428,0.700935,3,"[{'action_type': 'outbound_click', 'value': '3'}]","[{'action_type': 'outbound_click', 'value': '0.700935'}]",426,6,9,4,9,160,74,37
,,,,,,,,,,,,,,,,9,,9,,,,9,,6924679041584,12_prerna_noendcardaudio,6924675697784,FB_iOS_Rap_StartTrial_winnersnomusic_091225,6915577150584,FB_iOS_Rap_StartTrial_Set1_251125,0,,,,,,,,0.035556,0.035556,,,0.035556,,16.842105,16.842105,0,2025-12-15,2025-12-15,1,unknown,19,,,,,19,0.32,2,9,2,8,5,2
,,,,,,,,,,,,,,,,31,,31,,,,31,,6924697559784,02 Morgan_Gasstation_hht2,6924668039784,FB_iOS_Rap_StartTrial_gasstation_091225,6924668035784,FB_iOS_Rap_StartTrial_Set2_091225,0,,,,,,,,0.082258,0.082258,,,0.082258,,19.465649,20.07874,0,2025-12-15,2025-12-15,1.031496,female,131,,,,,127,2.55,3,3,3,25,14,8
,38,,,11,6,6,38,,,,4,,,,,325,,325,4,4,,310,,6924697559784,02 Morgan_Gasstation_hht2,6924668039784,FB_iOS_Rap_StartTrial_gasstation_091225,6924668035784,FB_iOS_Rap_StartTrial_Set2_091225,11,"[{'action_type': 'subscribe_mobile_app', 'value': '20.46'}, {'action_type': 'subscribe_total', 'value': '20.46'}, {'action_type': 'start_trial_mobile_app', 'value': '20.46'}, {'action_type': 'start_trial_total', 'value': '20.46'}]",1.86,"[{'action_type': 'outbound_click', 'value': '1.86'}]",1.86,3.41,0.538421,,0.062954,0.062954,5.115,,0.066,1.86,15.29148,15.835913,0.822123,2025-12-15,2025-12-15,1.035604,male,1338,0.822123,11,"[{'action_type': 'outbound_click', 'value': '11'}]","[{'action_type': 'outbound_click', 'value': '0.822123'}]",1292,20.46,36,3,34,261,116,62
,1,,,1,,,1,,,,,,,,,2,,2,,,,1,,6924697559784,02 Morgan_Gasstation_hht2,6924668039784,FB_iOS_Rap_StartTrial_gasstation_091225,6924668035784,FB_iOS_Rap_StartTrial_Set2_091225,1,,0.27,"[{'action_type': 'outbound_click', 'value': '0.27'}]",0.27,,0.27,,0.135,0.135,,,0.27,0.27,20.769231,20.769231,7.692308,2025-12-15,2025-12-15,1,unknown,13,7.692308,1,"[{'action_type': 'outbound_click', 'value': '1'}]","[{'action_type': 'outbound_click', 'value': '7.692308'}]",13,0.27,,2,,1,,
,,,,1,,,,,,,,,,,,2,,2,,,,1,,6924698562784,03 Morgan_Gasstation_gemini_hht2,6924668039784,FB_iOS_Rap_StartTrial_gasstation_091225,6924668035784,FB_iOS_Rap_StartTrial_Set2_091225,1,,0.09,"[{'action_type': 'outbound_click', 'value': '0.09'}]",0.09,,,,0.045,0.045,,,0.09,0.09,22.5,22.5,25,2025-12-15,2025-12-15,1,female,4,25,1,"[{'action_type': 'outbound_click', 'value': '1'}]","[{'action_type': 'outbound_click', 'value': '25'}]",4,0.09,1,5,1,1,1,1
,,,,,,,,,,,,,,,,6,,6,,,,6,,6924698562784,03 Morgan_Gasstation_gemini_hht2,6924668039784,FB_iOS_Rap_StartTrial_gasstation_091225,6924668035784,FB_iOS_Rap_StartTrial_Set2_091225,0,,,,,,,,0.053333,0.053333,,,0.053333,,12.8,13.333333,0,2025-12-15,2025-12-15,1.041667,male,25,,,,,24,0.32,,2,,5,1,
,,,,,,,,,,,,,,,,3,,3,,,,3,,6924706270984,05 Eddie_Gasstation_gemini_hht2,6924668039784,FB_iOS_Rap_StartTrial_gasstation_091225,6924668035784,FB_iOS_Rap_StartTrial_Set2_091225,0,,,,,,,,0.1,0.1,,,0.1,,13.636364,14.285714,0,2025-12-15,2025-12-15,1.047619,female,22,,,,,21,0.3,,1,,2,,
,,,,1,,,,,,,1,,,,,120,,120,1,1,,118,,6924706270984,05 Eddie_Gasstation_gemini_hht2,6924668039784,FB_iOS_Rap_StartTrial_gasstation_091225,6924668035784,FB_iOS_Rap_StartTrial_Set2_091225,2,,7.84,"[{'action_type': 'outbound_click', 'value': '7.84'}]",7.84,,,,0.065333,0.065333,7.84,,0.066441,3.92,17.461025,18.190255,0.445434,2025-12-15,2025-12-15,1.041763,male,449,0.222717,1,"[{'action_type': 'outbound_click', 'value': '1'}]","[{'action_type': 'outbound_click', 'value': '0.222717'}]",431,7.84,15,4,14,105,52,35
,,,,,,,,,,,,,,,,2,,2,,,,2,,6924706270984,05 Eddie_Gasstation_gemini_hht2,6924668039784,FB_iOS_Rap_StartTrial_gasstation_091225,6924668035784,FB_iOS_Rap_StartTrial_Set2_091225,0,,,,,,,,0.04,0.04,,,0.04,,26.666667,26.666667,0,2025-12-15,2025-12-15,1,unknown,3,,,,,3,0.08,,5,,2,1,
,3,1,,3,1,1,3,,,,1,,,,,85,,85,1,1,,81,,6924706727584,06 Eddie_Gasstation_gemini_ginjuice,6924668039784,FB_iOS_Rap_StartTrial_gasstation_091225,6924668035784,FB_iOS_Rap_StartTrial_Set2_091225,4,,1.186667,"[{'action_type': 'outbound_click', 'value': '1.186667'}]",1.186667,3.56,1.186667,,0.041882,0.041882,3.56,,0.043951,0.89,15.021097,15.545852,1.687764,2025-12-15,2025-12-15,1.034935,female,237,1.265823,3,"[{'action_type': 'outbound_click', 'value': '3'}]","[{'action_type': 'outbound_click', 'value': '1.265823'}]",229,3.56,6,3,6,76,24,11
,291,,,24,21,21,291,,,,9,,,,,753,1,753,10,9,,719,,6924706727584,06 Eddie_Gasstation_gemini_ginjuice,6924668039784,FB_iOS_Rap_StartTrial_gasstation_091225,6924668035784,FB_iOS_Rap_StartTrial_Set2_091225,28,"[{'action_type': 'subscribe_mobile_app', 'value': '11.426667'}, {'action_type': 'subscribe_total', 'value': '11.426667'}, {'action_type': 'start_trial_mobile_app', 'value': '17.14'}, {'action_type': 'start_trial_total', 'value': '17.14'}]",1.428333,"[{'action_type': 'outbound_click', 'value': '1.428333'}]",1.428333,1.632381,0.117801,,0.045525,0.045525,3.428,,0.047677,1.224286,13.878543,14.367142,1.133603,2025-12-15,2025-12-15,1.035205,male,2470,0.97166,24,"[{'action_type': 'outbound_click', 'value': '24'}]","[{'action_type': 'outbound_click', 'value': '0.97166'}]",2386,34.28,56,3,53,662,299,182
,,,,,,,,,,,,,,,,5,,5,,,,5,,6924706727584,06 Eddie_Gasstation_gemini_ginjuice,6924668039784,FB_iOS_Rap_StartTrial_gasstation_091225,6924668035784,FB_iOS_Rap_StartTrial_Set2_091225,0,,,,,,,,0.036,0.036,,,0.036,,12.857143,12.857143,0,2025-12-15,2025-12-15,1,unknown,14,,,,,14,0.18,,3,,5,3,2
,,,,,,,,,,,,,,,,3,,3,,,,3,,6924707290984,07 Mike_Gasstation_gemini_hht2,6924668039784,FB_iOS_Rap_StartTrial_gasstation_091225,6924668035784,FB_iOS_Rap_StartTrial_Set2_091225,0,,,,,,,,0.126667,0.126667,,,0.126667,,22.352941,22.352941,0,2025-12-15,2025-12-15,1,female,17,,,,,17,0.38,,2,,3,,
,12,,,2,1,1,12,,,,2,1,1,,,115,1,115,4,2,,109,,6924707290984,07 Mike_Gasstation_gemini_hht2,6924668039784,FB_iOS_Rap_StartTrial_gasstation_091225,6924668035784,FB_iOS_Rap_StartTrial_Set2_091225,1,,4.925,"[{'action_type': 'outbound_click', 'value': '4.925'}]",4.925,9.85,0.820833,,0.085652,0.085652,2.4625,,0.090367,9.85,24.261084,25.063613,0.246305,2025-12-15,2025-12-15,1.033079,male,406,0.492611,2,"[{'action_type': 'outbound_click', 'value': '2'}]","[{'action_type': 'outbound_click', 'value': '0.492611'}]",393,9.85,13,5,13,99,46,28
,,,,,,,,,,,,,,,,2,,2,,,,2,,6924707290984,07 Mike_Gasstation_gemini_hht2,6924668039784,FB_iOS_Rap_StartTrial_gasstation_091225,6924668035784,FB_iOS_Rap_StartTrial_Set2_091225,0,,,,,,,,0.035,0.035,,,0.035,,23.333333,23.333333,0,2025-12-15,2025-12-15,1,unknown,3,,,,,3,0.07,1,9,1,2,2,1
,,,,,,,,,,,1,,,,,4,,4,1,1,,3,,6924708193184,08 Mike_Gasstation_gemini_ginjuice,6924668039784,FB_iOS_Rap_StartTrial_gasstation_091225,6924668035784,FB_iOS_Rap_StartTrial_Set2_091225,0,,,,,,,,0.02,0.02,0.08,,0.026667,,26.666667,26.666667,0,2025-12-15,2025-12-15,1,female,3,,,,,3,0.08,,5,,3,1,
,,,,,,,,,,,,,,,,10,,10,,,,10,,6924708193184,08 Mike_Gasstation_gemini_ginjuice,6924668039784,FB_iOS_Rap_StartTrial_gasstation_091225,6924668035784,FB_iOS_Rap_StartTrial_Set2_091225,0,,,,,,,,0.19,0.19,,,0.19,,38,38.77551,0,2025-12-15,2025-12-15,1.020408,male,50,,,,,49,1.9,1,2,1,10,5,3
,,,,,,,,,,,,,,,,3,,3,,,,3,,6924708943784,01 Morgan_dropit,6924708943384,FB_iOS_Rap_StartTrial_morgancarmusicvariants_091225,6924668035784,FB_iOS_Rap_StartTrial_Set2_091225,0,,,,,,,,0.033333,0.033333,,,0.033333,,25,25,0,2025-12-15,2025-12-15,1,male,4,,,,,4,0.1,,8,,3,2,2
,35,,,10,2,2,35,,,,7,,,,,456,6,456,13,7,,433,,6924712553784,01 Morgan_Snoop_Ginndjuice_01,6924712553984,FB_iOS_Rap_StartTrial_morgancartextvariants_091225,6924668035784,FB_iOS_Rap_StartTrial_Set2_091225,11,"[{'action_type': 'subscribe_mobile_app', 'value': '18.32'}, {'action_type': 'subscribe_total', 'value': '18.32'}]",1.832,"[{'action_type': 'outbound_click', 'value': '1.832'}]",1.832,9.16,0.523429,,0.040175,0.040175,1.409231,,0.042309,1.665455,13.391813,13.764087,0.804094,2025-12-15,2025-12-15,1.027799,female,1368,0.730994,10,"[{'action_type': 'outbound_click', 'value': '10'}]","[{'action_type': 'outbound_click', 'value': '0.730994'}]",1331,18.32,34,3,31,379,187,101
,408,5,,94,31,31,408,,,,32,1,1,,,2586,5,2586,38,32,,2454,,6924712553784,01 Morgan_Snoop_Ginndjuice_01,6924712553984,FB_iOS_Rap_StartTrial_morgancartextvariants_091225,6924668035784,FB_iOS_Rap_StartTrial_Set2_091225,108,"[{'action_type': 'subscribe_mobile_app', 'value': '11.153333'}, {'action_type': 'subscribe_total', 'value': '11.153333'}, {'action_type': 'start_trial_mobile_app', 'value': '100.38'}, {'action_type': 'start_trial_total', 'value': '100.38'}]",1.067872,"[{'action_type': 'outbound_click', 'value': '1.067872'}]",1.067872,3.238065,0.246029,,0.038817,0.038817,2.641579,,0.040905,0.929444,12.372735,12.712766,1.331197,2025-12-15,2025-12-15,1.027482,male,8113,1.158634,94,"[{'action_type': 'outbound_click', 'value': '94'}]","[{'action_type': 'outbound_click', 'value': '1.158634'}]",7896,100.38,238,4,229,2170,1109,649
,,,,,,,,,,,,,,,,21,,21,,,,21,,6924712553784,01 Morgan_Snoop_Ginndjuice_01,6924712553984,FB_iOS_Rap_StartTrial_morgancartextvariants_091225,6924668035784,FB_iOS_Rap_StartTrial_Set2_091225,0,,,,,,,,0.031429,0.031429,,,0.031429,,12.45283,12.941176,0,2025-12-15,2025-12-15,1.039216,unknown,53,,,,,51,0.66,2,5,2,20,7,3
,,,,,,,,,,,,,,,,,,,,,,,,6924713760384,02 Morgan_paris,6924708943384,FB_iOS_Rap_StartTrial_morgancarmusicvariants_091225,6924668035784,FB_iOS_Rap_StartTrial_Set2_091225,0,,,,,,,,,,,,,,63.333333,63.333333,0,2025-12-15,2025-12-15,1,male,3,,,,,3,0.19,,1,,,,
,92,2,1,15,5,5,92,,,,8,1,1,,,433,1,433,11,8,,407,,6924714716184,04 Morgan_humble,6924708943384,FB_iOS_Rap_StartTrial_morgancarmusicvariants_091225,6924668035784,FB_iOS_Rap_StartTrial_Set2_091225,16,"[{'action_type': 'subscribe_mobile_app', 'value': '9.405'}, {'action_type': 'subscribe_total', 'value': '9.405'}]",1.254,"[{'action_type': 'outbound_click', 'value': '1.254'}]",1.254,3.762,0.204457,,0.043441,0.043441,1.71,,0.046216,1.175625,16.976534,17.178082,1.444043,2025-12-15,2025-12-15,1.011872,female,1108,1.353791,15,"[{'action_type': 'outbound_click', 'value': '15'}]","[{'action_type': 'outbound_click', 'value': '1.353791'}]",1095,18.81,28,4,26,350,162,84
,373,1,,60,22,22,373,,,,10,,,,,2038,,2038,10,10,,1968,,6924714716184,04 Morgan_humble,6924708943384,FB_iOS_Rap_StartTrial_morgancarmusicvariants_091225,6924668035784,FB_iOS_Rap_StartTrial_Set2_091225,70,"[{'action_type': 'subscribe_mobile_app', 'value': '9.723333'}, {'action_type': 'subscribe_total', 'value': '9.723333'}, {'action_type': 'start_trial_mobile_app', 'value': '12.501429'}, {'action_type': 'start_trial_total', 'value': '12.501429'}]",1.4585,"[{'action_type': 'outbound_click', 'value': '1.4585'}]",1.4585,3.977727,0.234611,,0.042939,0.042939,8.751,,0.044466,1.250143,15.012867,15.347247,1.200892,2025-12-15,2025-12-15,1.022273,male,5829,1.029336,60,"[{'action_type': 'outbound_click', 'value': '60'}]","[{'action_type': 'outbound_click', 'value': '1.029336'}]",5702,87.51,169,4,162,1739,855,461
,,,,1,,,,,,,,,,,,21,,21,,,,20,,6924714716184,04 Morgan_humble,6924708943384,FB_iOS_Rap_StartTrial_morgancarmusicvariants_091225,6924668035784,FB_iOS_Rap_StartTrial_Set2_091225,1,,0.46,"[{'action_type': 'outbound_click', 'value': '0.46'}]",0.46,,,,0.021905,0.021905,,,0.023,0.46,9.2,9.583333,2,2025-12-15,2025-12-15,1.041667,unknown,50,2,1,"[{'action_type': 'outbound_click', 'value': '1'}]","[{'action_type': 'outbound_click', 'value': '2'}]",48,0.46,2,4,2,16,7,4
,,,,,,,,,,,,,,,,,,,,,,,,6924715460784,05 Morgan_indaclub,6924708943384,FB_iOS_Rap_StartTrial_morgancarmusicvariants_091225,6924668035784,FB_iOS_Rap_StartTrial_Set2_091225,0,,,,,,,,,,,,,,110,110,0,2025-12-15,2025-12-15,1,male,1,,,,,1,0.11,,4,,,,
,,,,,,,,,,,,,,,,1,,1,,,,1,,6924715827784,06 Morgan_gthang,6924708943384,FB_iOS_Rap_StartTrial_morgancarmusicvariants_091225,6924668035784,FB_iOS_Rap_StartTrial_Set2_091225,0,,,,,,,,0.12,0.12,,,0.12,,30,30,0,2025-12-15,2025-12-15,1,male,4,,,,,4,0.12,,2,,1,,
,307,2,,91,25,25,307,,,,22,1,1,1,,1895,1,1895,25,23,,1779,,6924716345384,02 Prerna_tusa,6924712086984,FB_iOS_Rap_StartTrial_prernamusicvariants_091225,6924668035784,FB_iOS_Rap_StartTrial_Set2_091225,91,"[{'action_type': 'subscribe_mobile_app', 'value': '28.6975'}, {'action_type': 'subscribe_total', 'value': '28.6975'}, {'action_type': 'start_trial_mobile_app', 'value': '28.6975'}, {'action_type': 'start_trial_total', 'value': '28.6975'}]",1.261429,"[{'action_type': 'outbound_click', 'value': '1.275444'}]",1.261429,4.5916,0.373909,,0.060575,0.060575,4.5916,,0.064525,1.261429,20.840596,21.621774,1.652142,2025-12-15,2025-12-15,1.037484,female,5508,1.652142,91,"[{'action_type': 'outbound_click', 'value': '90'}]","[{'action_type': 'outbound_click', 'value': '1.633987'}]",5309,114.79,233,4,222,1577,807,520
,7,,,3,1,1,7,,,,2,,,,,100,1,100,3,2,,94,,6924716345384,02 Prerna_tusa,6924712086984,FB_iOS_Rap_StartTrial_prernamusicvariants_091225,6924668035784,FB_iOS_Rap_StartTrial_Set2_091225,5,,2.103333,"[{'action_type': 'outbound_click', 'value': '2.103333'}]",2.103333,6.31,0.901429,,0.0631,0.0631,2.103333,,0.067128,1.262,21.389831,22.062937,1.694915,2025-12-15,2025-12-15,1.031469,male,295,1.016949,3,"[{'action_type': 'outbound_click', 'value': '3'}]","[{'action_type': 'outbound_click', 'value': '1.016949'}]",286,6.31,16,4,16,87,42,30
,,,,,,,,,,,1,,,,,11,,11,1,1,,10,,6924716345384,02 Prerna_tusa,6924712086984,FB_iOS_Rap_StartTrial_prernamusicvariants_091225,6924668035784,FB_iOS_Rap_StartTrial_Set2_091225,0,,,,,,,,0.039091,0.039091,0.43,,0.043,,14.827586,14.827586,0,2025-12-15,2025-12-15,1,unknown,29,,,,,29,0.43,1,4,1,6,6,2
,,,,,,,,,,,,,,,,2,,2,,,,2,,6924716446184,04 Prerna_fancy,6924712086984,FB_iOS_Rap_StartTrial_prernamusicvariants_091225,6924668035784,FB_iOS_Rap_StartTrial_Set2_091225,0,,,,,,,,0.09,0.09,,,0.09,,36,36,0,2025-12-15,2025-12-15,1,female,5,,,,,5,0.18,1,5,1,2,1,1
,,,,,,,,,,,,,,,,,,,,,,,,6924716853184,05 Prerna_thot,6924712086984,FB_iOS_Rap_StartTrial_prernamusicvariants_091225,6924668035784,FB_iOS_Rap_StartTrial_Set2_091225,0,,,,,,,,,,,,,,20,20,0,2025-12-15,2025-12-15,1,female,1,,,,,1,0.02,,2,,,,
,,,,,,,,,,,,,,,,1,,1,,,,1,,6924717875584,04 Morgan_Snoop_Ginndjuice_01,6924712553984,FB_iOS_Rap_StartTrial_morgancartextvariants_091225,6924668035784,FB_iOS_Rap_StartTrial_Set2_091225,0,,,,,,,,0.05,0.05,,,0.05,,16.666667,16.666667,0,2025-12-15,2025-12-15,1,male,3,,,,,3,0.05,,4,,1,1,1
,247,,1,47,20,20,247,,,,8,,,1,,1021,1,1021,11,9,,963,,6924718889384,02 Prerna 01,6924712908584,FB_iOS_Rap_StartTrial_prernatextvariants_091225,6924668035784,FB_iOS_Rap_StartTrial_Set2_091225,47,"[{'action_type': 'subscribe_mobile_app', 'value': '14.605'}, {'action_type': 'subscribe_total', 'value': '14.605'}, {'action_type': 'start_trial_mobile_app', 'value': '29.21'}, {'action_type': 'start_trial_total', 'value': '29.21'}]",1.242979,"[{'action_type': 'outbound_click', 'value': '1.242979'}]",1.242979,2.921,0.236518,,0.057218,0.057218,5.310909,,0.060665,1.242979,18.097893,18.599172,1.45601,2025-12-15,2025-12-15,1.027698,female,3228,1.45601,47,"[{'action_type': 'outbound_click', 'value': '47'}]","[{'action_type': 'outbound_click', 'value': '1.45601'}]",3141,58.42,121,4,117,860,438,294
,,,,,,,,,,,1,,,,,36,,36,1,1,,35,,6924718889384,02 Prerna 01,6924712908584,FB_iOS_Rap_StartTrial_prernatextvariants_091225,6924668035784,FB_iOS_Rap_StartTrial_Set2_091225,0,,,,,,,,0.064444,0.064444,2.32,,0.066286,,17.185185,17.709924,0,2025-12-15,2025-12-15,1.030534,male,135,,,,,131,2.32,1,3,1,32,15,8
,,,,,,,,,,,,,,,,5,,5,,,,5,,6924718889384,02 Prerna 01,6924712908584,FB_iOS_Rap_StartTrial_prernatextvariants_091225,6924668035784,FB_iOS_Rap_StartTrial_Set2_091225,0,,,,,,,,0.088,0.088,,,0.088,,24.444444,24.444444,0,2025-12-15,2025-12-15,1,unknown,18,,,,,18,0.44,,3,,5,1,1
,73,,,13,3,3,73,,,,2,,,,,258,,258,2,2,,243,,6924719922384,03 Prerna 01,6924712908584,FB_iOS_Rap_StartTrial_prernatextvariants_091225,6924668035784,FB_iOS_Rap_StartTrial_Set2_091225,15,"[{'action_type': 'subscribe_mobile_app', 'value': '9.97'}, {'action_type': 'subscribe_total', 'value': '9.97'}]",1.533846,"[{'action_type': 'outbound_click', 'value': '1.533846'}]",1.533846,6.646667,0.273151,,0.077287,0.077287,9.97,,0.082058,1.329333,23.321637,24.346764,1.754386,2025-12-15,2025-12-15,1.043956,female,855,1.520468,13,"[{'action_type': 'outbound_click', 'value': '13'}]","[{'action_type': 'outbound_click', 'value': '1.520468'}]",819,19.94,32,4,30,213,116,62
,8,,,3,2,2,8,,,,,,,,,43,,43,,,,40,,6924719922384,03 Prerna 01,6924712908584,FB_iOS_Rap_StartTrial_prernatextvariants_091225,6924668035784,FB_iOS_Rap_StartTrial_Set2_091225,4,,0.756667,"[{'action_type': 'outbound_click', 'value': '0.756667'}]",0.756667,1.135,0.28375,,0.052791,0.052791,,,0.05675,0.5675,18.455285,18.760331,3.252033,2025-12-15,2025-12-15,1.016529,male,123,2.439024,3,"[{'action_type': 'outbound_click', 'value': '3'}]","[{'action_type': 'outbound_click', 'value': '2.439024'}]",121,2.27,6,4,6,36,19,13
,,,,,,,,,,,,,,,,1,,1,,,,1,,6924719922384,03 Prerna 01,6924712908584,FB_iOS_Rap_StartTrial_prernatextvariants_091225,6924668035784,FB_iOS_Rap_StartTrial_Set2_091225,0,,,,,,,,0.21,0.21,,,0.21,,26.25,26.25,0,2025-12-15,2025-12-15,1,unknown,8,,,,,8,0.21,,3,,1,1,
,,,,,,,,,,,,,,,,,,,,,,,,6924720140184,04 Prerna 01,6924712908584,FB_iOS_Rap_StartTrial_prernatextvariants_091225,6924668035784,FB_iOS_Rap_StartTrial_Set2_091225,0,,,,,,,,,,,,,,12.5,12.5,0,2025-12-15,2025-12-15,1,female,8,,,,,8,0.1,,1,,,,
,,,,,,,,,,,,,,,,,,,,,,,,6924720140184,04 Prerna 01,6924712908584,FB_iOS_Rap_StartTrial_prernatextvariants_091225,6924668035784,FB_iOS_Rap_StartTrial_Set2_091225,0,,,,,,,,,,,,,,30,30,0,2025-12-15,2025-12-15,1,male,2,,,,,2,0.06,,1,,,,
,,,,,,,,,,,,,,,,,,,,,,,,6924720374584,05 Prerna 01,6924712908584,FB_iOS_Rap_StartTrial_prernatextvariants_091225,6924668035784,FB_iOS_Rap_StartTrial_Set2_091225,0,,,,,,,,,,,,,,10,10,0,2025-12-15,2025-12-15,1,female,1,,,,,1,0.01,,1,,,,
,97,,,26,13,13,97,,,,7,,,,,807,,807,7,7,,774,,6925369207984,01Prerna_bollamarket1,6925369208584,FB_iOS_Rap_StartTrial_prernajumpoffvariants_101225,6925369206784,FB_iOS_Rap_StartTrial_Set3_101225,28,"[{'action_type': 'subscribe_mobile_app', 'value': '43.6'}, {'action_type': 'subscribe_total', 'value': '43.6'}]",1.676923,"[{'action_type': 'outbound_click', 'value': '1.676923'}]",1.676923,3.353846,0.449485,,0.054027,0.054027,6.228571,,0.056331,1.557143,17.861532,18.121363,1.147071,2025-12-15,2025-12-15,1.014547,female,2441,1.065137,26,"[{'action_type': 'outbound_click', 'value': '26'}]","[{'action_type': 'outbound_click', 'value': '1.065137'}]",2406,43.6,75,4,68,657,351,197
,7,1,,3,1,1,7,,,,2,,,,,314,,314,2,2,,309,,6925369207984,01Prerna_bollamarket1,6925369208584,FB_iOS_Rap_StartTrial_prernajumpoffvariants_101225,6925369206784,FB_iOS_Rap_StartTrial_Set3_101225,3,,5.053333,"[{'action_type': 'outbound_click', 'value': '5.053333'}]",5.053333,15.16,2.165714,,0.04828,0.04828,7.58,,0.049061,5.053333,15.742471,17.033708,0.311526,2025-12-15,2025-12-15,1.082022,male,963,0.311526,3,"[{'action_type': 'outbound_click', 'value': '3'}]","[{'action_type': 'outbound_click', 'value': '0.311526'}]",890,15.16,28,4,26,277,146,86
,,,,1,1,1,,,,,,,,,,7,,7,,,,6,,6925369207984,01Prerna_bollamarket1,6925369208584,FB_iOS_Rap_StartTrial_prernajumpoffvariants_101225,6925369206784,FB_iOS_Rap_StartTrial_Set3_101225,1,,0.33,"[{'action_type': 'outbound_click', 'value': '0.33'}]",0.33,0.33,,,0.047143,0.047143,,,0.055,0.33,16.5,16.5,5,2025-12-15,2025-12-15,1,unknown,20,5,1,"[{'action_type': 'outbound_click', 'value': '1'}]","[{'action_type': 'outbound_click', 'value': '5'}]",20,0.33,,3,,6,4,1
,42,,,2,4,4,42,,,,1,,,,,20,,20,1,1,,17,,6926060791784,02_blonde_jumpoff_gasstation1,6926060791584,FB_iOS_Rap_StartTrial_blondelilkimvariants_111225,6925369206784,FB_iOS_Rap_StartTrial_Set3_101225,2,"[{'action_type': 'subscribe_mobile_app', 'value': '0.8'}, {'action_type': 'subscribe_total', 'value': '0.8'}, {'action_type': 'start_trial_mobile_app', 'value': '1.6'}, {'action_type': 'start_trial_total', 'value': '1.6'}]",0.8,"[{'action_type': 'outbound_click', 'value': '0.8'}]",0.8,0.4,0.038095,,0.08,0.08,1.6,,0.094118,0.8,25.806452,25.806452,3.225806,2025-12-15,2025-12-15,1,female,62,3.225806,2,"[{'action_type': 'outbound_click', 'value': '2'}]","[{'action_type': 'outbound_click', 'value': '3.225806'}]",62,1.6,2,3,2,13,8,6
,28,,,4,1,1,28,,,,,,,,,31,,31,,,,27,,6926060791784,02_blonde_jumpoff_gasstation1,6926060791584,FB_iOS_Rap_StartTrial_blondelilkimvariants_111225,6925369206784,FB_iOS_Rap_StartTrial_Set3_101225,5,,0.7125,"[{'action_type': 'outbound_click', 'value': '0.7125'}]",0.7125,2.85,0.101786,,0.091935,0.091935,,,0.105556,0.57,29.6875,33.529412,5.208333,2025-12-15,2025-12-15,1.129412,male,96,4.166667,4,"[{'action_type': 'outbound_click', 'value': '4'}]","[{'action_type': 'outbound_click', 'value': '4.166667'}]",85,2.85,1,3,1,18,9,4
,,,,,,,,,,,,,,,,,,,,,,,,6926060791784,02_blonde_jumpoff_gasstation1,6926060791584,FB_iOS_Rap_StartTrial_blondelilkimvariants_111225,6925369206784,FB_iOS_Rap_StartTrial_Set3_101225,0,,,,,,,,,,,,,,20,20,0,2025-12-15,2025-12-15,1,unknown,1,,,,,1,0.02,,1,,,,
,6,,1,5,,,6,,,,1,1,1,,,78,,78,3,1,,70,,6926066018184,13_blonde_jumpoff_redcar,6926060791584,FB_iOS_Rap_StartTrial_blondelilkimvariants_111225,6925369206784,FB_iOS_Rap_StartTrial_Set3_101225,5,,1.02,"[{'action_type': 'outbound_click', 'value': '1.02'}]",1.02,,0.85,,0.065385,0.065385,1.7,,0.072857,1.02,21.25,23.611111,2.083333,2025-12-15,2025-12-15,1.111111,female,240,2.083333,5,"[{'action_type': 'outbound_click', 'value': '5'}]","[{'action_type': 'outbound_click', 'value': '2.083333'}]",216,5.1,10,5,9,68,40,22
,169,1,,26,9,9,169,,,1,,,,,,218,,218,,,,192,,6926066018184,13_blonde_jumpoff_redcar,6926060791584,FB_iOS_Rap_StartTrial_blondelilkimvariants_111225,6925369206784,FB_iOS_Rap_StartTrial_Set3_101225,25,"[{'action_type': 'subscribe_mobile_app', 'value': '3.646'}, {'action_type': 'subscribe_total', 'value': '3.646'}, {'action_type': 'start_trial_mobile_app', 'value': '4.5575'}, {'action_type': 'start_trial_total', 'value': '4.5575'}]",0.701154,"[{'action_type': 'outbound_click', 'value': '0.701154'}]",0.701154,2.025556,0.10787,,0.083624,0.083624,,,0.094948,0.7292,29.214744,33.884758,4.00641,2025-12-15,2025-12-15,1.159851,male,624,4.166667,26,"[{'action_type': 'outbound_click', 'value': '26'}]","[{'action_type': 'outbound_click', 'value': '4.166667'}]",538,18.23,12,3,12,166,76,47
,,,,,,,,,,,,,,,,,,,,,,,,6926066018184,13_blonde_jumpoff_redcar,6926060791584,FB_iOS_Rap_StartTrial_blondelilkimvariants_111225,6925369206784,FB_iOS_Rap_StartTrial_Set3_101225,0,,,,,,,,,,,,,,40,40,0,2025-12-15,2025-12-15,1,unknown,5,,,,,5,0.2,,1,,,,
,230,2,,40,21,21,230,,,,12,1,1,,,909,,909,13,12,,856,,6926066642184,35_blonde_bent,6926060791584,FB_iOS_Rap_StartTrial_blondelilkimvariants_111225,6925369206784,FB_iOS_Rap_StartTrial_Set3_101225,45,"[{'action_type': 'subscribe_mobile_app', 'value': '9.907143'}, {'action_type': 'subscribe_total', 'value': '9.907143'}, {'action_type': 'start_trial_mobile_app', 'value': '34.675'}, {'action_type': 'start_trial_total', 'value': '34.675'}]",1.73375,"[{'action_type': 'outbound_click', 'value': '1.73375'}]",1.73375,3.302381,0.301522,,0.076293,0.076293,5.334615,,0.081016,1.541111,19.020845,19.831284,1.234229,2025-12-15,2025-12-15,1.042608,female,3646,1.097093,40,"[{'action_type': 'outbound_click', 'value': '40'}]","[{'action_type': 'outbound_click', 'value': '1.097093'}]",3497,69.35,70,3,67,759,353,199
,1,,,3,,,1,,,,,,,,,56,,56,,,,53,,6926066642184,35_blonde_bent,6926060791584,FB_iOS_Rap_StartTrial_blondelilkimvariants_111225,6925369206784,FB_iOS_Rap_StartTrial_Set3_101225,2,,1.126667,"[{'action_type': 'outbound_click', 'value': '1.126667'}]",1.126667,,3.38,,0.060357,0.060357,,,0.063774,1.69,18.074866,18.777778,1.069519,2025-12-15,2025-12-15,1.038889,male,187,1.604278,3,"[{'action_type': 'outbound_click', 'value': '3'}]","[{'action_type': 'outbound_click', 'value': '1.604278'}]",180,3.38,2,3,2,50,21,12
,,,,,,,,,,,,,,,,12,,12,,,,12,,6926066642184,35_blonde_bent,6926060791584,FB_iOS_Rap_StartTrial_blondelilkimvariants_111225,6925369206784,FB_iOS_Rap_StartTrial_Set3_101225,0,,,,,,,,0.061667,0.061667,,,0.061667,,25.517241,25.517241,0,2025-12-15,2025-12-15,1,unknown,29,,,,,29,0.74,1,3,1,8,3,2
,,,,,,,,,,,,,,,,,,,,,,,,6926070134384,23 Prerna lilkim_eiffeltower,6925369208584,FB_iOS_Rap_StartTrial_prernajumpoffvariants_101225,6925369206784,FB_iOS_Rap_StartTrial_Set3_101225,0,,,,,,,,,,,,,,20,20,0,2025-12-15,2025-12-15,1,female,2,,,,,2,0.04,,1,,,,
,,,,,,,,,,,,,,,,1,,1,,,,1,,6926070134384,23 Prerna lilkim_eiffeltower,6925369208584,FB_iOS_Rap_StartTrial_prernajumpoffvariants_101225,6925369206784,FB_iOS_Rap_StartTrial_Set3_101225,0,,,,,,,,0.05,0.05,,,0.05,,25,25,0,2025-12-15,2025-12-15,1,male,2,,,,,2,0.05,1,10,1,1,1,1
,,,,,,,,,,,,,,,,,,,,,,,,6927319919984,03_blackbodysuit_Wap 2 - Copy,6920965699184,F_Purhcase_Rap_WAP2_251203,6920965699384,FB_iOS_Purchase_Rap_251203,0,,,,,,,,,,,,,,10,10,0,2025-12-15,2025-12-15,1,male,1,,,,,1,0.01,,0,,,,
,,,,,,,,,,,,,,,,,,,,,,,,6927326214584,New App promotion Ad,6927326214784,FB_iOS_BAU_StartTrial_F_Rap,6927326214384,FB_iOS_BAU_StartTrial_131125,0,,,,,,,,,,,,,,14.166667,28.333333,0,2025-12-15,2025-12-15,2,female,12,,,,,6,0.17,,,,,,
,,,,3,,,,,,,,,,,,3,,3,,,,,,6927326214584,New App promotion Ad,6927326214784,FB_iOS_BAU_StartTrial_F_Rap,6927326214384,FB_iOS_BAU_StartTrial_131125,2,,0.123333,"[{'action_type': 'outbound_click', 'value': '0.123333'}]",0.123333,,,,0.123333,0.123333,,,,0.185,28.461538,28.461538,15.384615,2025-12-15,2025-12-15,1,male,13,23.076923,3,"[{'action_type': 'outbound_click', 'value': '3'}]","[{'action_type': 'outbound_click', 'value': '23.076923'}]",13,0.37,,,,,,
,,,,,,,,,,,,,,,,,,,,,,,,6927326214584,New App promotion Ad,6927326214784,FB_iOS_BAU_StartTrial_F_Rap,6927326214384,FB_iOS_BAU_StartTrial_131125,0,,,,,,,,,,,,,,30,30,0,2025-12-15,2025-12-15,1,unknown,1,,,,,1,0.03,,,,,,
,,,,,,,,,,,,,,,,3,,3,,,,3,,6927327516184,jesus_rap_1_4x5 - Copy,6927326698584,FB_iOS_BAU_StartTrial_M_Rap,6927326214384,FB_iOS_BAU_StartTrial_131125,0,,,,,,,,0.04,0.04,,,0.04,,12,13.333333,0,2025-12-15,2025-12-15,1.111111,female,10,,,,,9,0.12,2,7,2,3,2,2
,1,,,1,,,1,,,,,,,,,19,,19,,,,18,,6927327516184,jesus_rap_1_4x5 - Copy,6927326698584,FB_iOS_BAU_StartTrial_M_Rap,6927326214384,FB_iOS_BAU_StartTrial_131125,2,,0.38,"[{'action_type': 'outbound_click', 'value': '0.38'}]",0.38,,0.38,,0.02,0.02,,,0.021111,0.19,10.857143,11.515152,5.714286,2025-12-15,2025-12-15,1.060606,male,35,2.857143,1,"[{'action_type': 'outbound_click', 'value': '1'}]","[{'action_type': 'outbound_click', 'value': '2.857143'}]",33,0.38,1,4,1,17,10,4
,,,,,,,,,,,,,,,,,,,,,,,,6927327516184,jesus_rap_1_4x5 - Copy,6927326698584,FB_iOS_BAU_StartTrial_M_Rap,6927326214384,FB_iOS_BAU_StartTrial_131125,0,,,,,,,,,,,,,,10,10,0,2025-12-15,2025-12-15,1,unknown,1,,,,,1,0.01,,3,,,,
,,,,,,,,,,,,,,,,2,,2,,,,2,,6927327516384,04 Morgan_humble - Copy,6927326698584,FB_iOS_BAU_StartTrial_M_Rap,6927326214384,FB_iOS_BAU_StartTrial_131125,0,,,,,,,,0.035,0.035,,,0.035,,7,7,0,2025-12-15,2025-12-15,1,female,10,,,,,10,0.07,,2,,2,,
,6,,,1,1,1,6,,,,1,,,,,35,1,35,2,1,,32,,6927327516384,04 Morgan_humble - Copy,6927326698584,FB_iOS_BAU_StartTrial_M_Rap,6927326214384,FB_iOS_BAU_StartTrial_131125,2,,1.1,"[{'action_type': 'outbound_click', 'value': '1.1'}]",1.1,1.1,0.183333,,0.031429,0.031429,0.55,,0.034375,0.55,12.790698,12.790698,2.325581,2025-12-15,2025-12-15,1,male,86,1.162791,1,"[{'action_type': 'outbound_click', 'value': '1'}]","[{'action_type': 'outbound_click', 'value': '1.162791'}]",86,1.1,1,3,1,28,13,6
,,,,,,,,,,,,,,,,1,,1,,,,1,,6927327516384,04 Morgan_humble - Copy,6927326698584,FB_iOS_BAU_StartTrial_M_Rap,6927326214384,FB_iOS_BAU_StartTrial_131125,0,,,,,,,,0.05,0.05,,,0.05,,25,25,0,2025-12-15,2025-12-15,1,unknown,2,,,,,2,0.05,,6,,1,1,1
,4,,,,,,4,,,,,,,,,11,,11,,,,11,,6927327516584,04_MorganF_Nuthin But A G Thang - Copy 2,6927326698584,FB_iOS_BAU_StartTrial_M_Rap,6927326214384,FB_iOS_BAU_StartTrial_131125,0,,,,,,0.255,,0.092727,0.092727,,,0.092727,,20,20.816327,0,2025-12-15,2025-12-15,1.040816,female,51,,,,,49,1.02,1,2,1,10,6,3
,21,,,5,1,1,21,,,,,,,,,111,1,111,1,,,105,,6927327516584,04_MorganF_Nuthin But A G Thang - Copy 2,6927326698584,FB_iOS_BAU_StartTrial_M_Rap,6927326214384,FB_iOS_BAU_StartTrial_131125,6,"[{'action_type': 'subscribe_mobile_app', 'value': '4.25'}, {'action_type': 'subscribe_total', 'value': '4.25'}]",0.85,"[{'action_type': 'outbound_click', 'value': '0.85'}]",0.85,4.25,0.202381,,0.038288,0.038288,4.25,,0.040476,0.708333,15.567766,15.799257,2.197802,2025-12-15,2025-12-15,1.01487,male,273,1.831502,5,"[{'action_type': 'outbound_click', 'value': '5'}]","[{'action_type': 'outbound_click', 'value': '1.831502'}]",269,4.25,8,4,8,89,35,22
,,,,,,,,,,,,,,,,1,,1,,,,1,,6927327516584,04_MorganF_Nuthin But A G Thang - Copy 2,6927326698584,FB_iOS_BAU_StartTrial_M_Rap,6927326214384,FB_iOS_BAU_StartTrial_131125,0,,,,,,,,0.02,0.02,,,0.02,,20,20,0,2025-12-15,2025-12-15,1,unknown,1,,,,,1,0.02,,5,,1,,
,,,,1,,,,,,,,,,,,20,,20,,,,19,,6927327516784,02 Eddie_Snoop - Copy 2,6927326698584,FB_iOS_BAU_StartTrial_M_Rap,6927326214384,FB_iOS_BAU_StartTrial_131125,1,,0.72,"[{'action_type': 'outbound_click', 'value': '0.72'}]",0.72,,,,0.036,0.036,,,0.037895,0.72,12.857143,13.090909,1.785714,2025-12-15,2025-12-15,1.018182,female,56,1.785714,1,"[{'action_type': 'outbound_click', 'value': '1'}]","[{'action_type': 'outbound_click', 'value': '1.785714'}]",55,0.72,4,3,3,18,7,5
,4,,,4,1,1,4,,,,,,,,,121,,121,,,,117,,6927327516784,02 Eddie_Snoop - Copy 2,6927326698584,FB_iOS_BAU_StartTrial_M_Rap,6927326214384,FB_iOS_BAU_StartTrial_131125,4,,0.67,"[{'action_type': 'outbound_click', 'value': '0.67'}]",0.67,2.68,0.67,,0.022149,0.022149,,,0.022906,0.67,9.781022,9.925926,1.459854,2025-12-15,2025-12-15,1.014815,male,274,1.459854,4,"[{'action_type': 'outbound_click', 'value': '4'}]","[{'action_type': 'outbound_click', 'value': '1.459854'}]",270,2.68,16,5,15,105,60,32
,,,,,,,,,,,,,,,,1,,1,,,,1,,6927327516784,02 Eddie_Snoop - Copy 2,6927326698584,FB_iOS_BAU_StartTrial_M_Rap,6927326214384,FB_iOS_BAU_StartTrial_131125,0,,,,,,,,0.02,0.02,,,0.02,,20,20,0,2025-12-15,2025-12-15,1,unknown,1,,,,,1,0.02,,7,,1,,
,,,,,,,,,,,,,,,,5,,5,,,,5,,6927327516984,01 Morgan_Snoop_Ginndjuice_01 - Copy,6927326698584,FB_iOS_BAU_StartTrial_M_Rap,6927326214384,FB_iOS_BAU_StartTrial_131125,0,,,,,,,,0.028,0.028,,,0.028,,10.769231,10.769231,0,2025-12-15,2025-12-15,1,female,13,,,,,13,0.14,1,5,1,4,3,1
,8,,,1,1,1,8,,,,1,,,,,92,,92,1,1,,90,,6927327516984,01 Morgan_Snoop_Ginndjuice_01 - Copy,6927326698584,FB_iOS_BAU_StartTrial_M_Rap,6927326214384,FB_iOS_BAU_StartTrial_131125,3,,2.67,"[{'action_type': 'outbound_click', 'value': '2.67'}]",2.67,2.67,0.33375,,0.029022,0.029022,2.67,,0.029667,0.89,11.125,11.125,1.25,2025-12-15,2025-12-15,1,male,240,0.416667,1,"[{'action_type': 'outbound_click', 'value': '1'}]","[{'action_type': 'outbound_click', 'value': '0.416667'}]",240,2.67,13,4,12,81,48,31
,,,,,,,,,,,,,,,,,,,,,,,,6927327516984,01 Morgan_Snoop_Ginndjuice_01 - Copy,6927326698584,FB_iOS_BAU_StartTrial_M_Rap,6927326214384,FB_iOS_BAU_StartTrial_131125,0,,,,,,,,,,,,,,20,20,0,2025-12-15,2025-12-15,1,unknown,1,,,,,1,0.02,,1,,,,
,200,2,,52,19,19,200,,,,21,1,1,,,1254,3,1254,25,21,,1177,,6927328151984,03_blackbodysuit_Big energy - Copy 2,6927326214784,FB_iOS_BAU_StartTrial_F_Rap,6927326214384,FB_iOS_BAU_StartTrial_131125,51,"[{'action_type': 'subscribe_mobile_app', 'value': '11.8125'}, {'action_type': 'subscribe_total', 'value': '11.8125'}]",0.908654,"[{'action_type': 'outbound_click', 'value': '0.908654'}]",0.908654,2.486842,0.23625,,0.037679,0.037679,1.89,,0.040144,0.926471,16.526758,16.8931,1.783841,2025-12-15,2025-12-15,1.022167,female,2859,1.818818,52,"[{'action_type': 'outbound_click', 'value': '52'}]","[{'action_type': 'outbound_click', 'value': '1.818818'}]",2797,47.25,133,4,121,1082,595,390
,1,,,3,,,1,,,,1,,,,,33,,33,1,1,,29,,6927328151984,03_blackbodysuit_Big energy - Copy 2,6927326214784,FB_iOS_BAU_StartTrial_F_Rap,6927326214384,FB_iOS_BAU_StartTrial_131125,3,,0.44,"[{'action_type': 'outbound_click', 'value': '0.44'}]",0.44,,1.32,,0.04,0.04,1.32,,0.045517,0.44,12.692308,12.941176,2.884615,2025-12-15,2025-12-15,1.019608,male,104,2.884615,3,"[{'action_type': 'outbound_click', 'value': '3'}]","[{'action_type': 'outbound_click', 'value': '2.884615'}]",102,1.32,5,5,5,27,14,10
,,,,,,,,,,,2,,,,,6,,6,2,2,,4,,6927328151984,03_blackbodysuit_Big energy - Copy 2,6927326214784,FB_iOS_BAU_StartTrial_F_Rap,6927326214384,FB_iOS_BAU_StartTrial_131125,0,,,,,,,,0.038333,0.038333,0.115,,0.0575,,23,23,0,2025-12-15,2025-12-15,1,unknown,10,,,,,10,0.23,1,4,1,3,2,2
,,,,,,,,,,,,,,,,8,,8,,,,8,,6927328152184,35_blonde_bent - Copy,6927326214784,FB_iOS_BAU_StartTrial_F_Rap,6927326214384,FB_iOS_BAU_StartTrial_131125,0,,,,,,,,0.0725,0.0725,,,0.0725,,19.333333,19.333333,0,2025-12-15,2025-12-15,1,female,30,,,,,30,0.58,1,3,,7,4,4
,,,,,,,,,,,,,,,,1,,1,,,,1,,6927328152184,35_blonde_bent - Copy,6927326214784,FB_iOS_BAU_StartTrial_F_Rap,6927326214384,FB_iOS_BAU_StartTrial_131125,0,,,,,,,,0,0,,,0,,0,0,0,2025-12-15,2025-12-15,1,male,1,,,,,1,0,,4,,1,,
,1393,4,4,257,119,119,1393,,,,108,8,8,4,,9173,8,9173,132,112,,8784,,6927328152584,14 blonde - Copy 3,6927326214784,FB_iOS_BAU_StartTrial_F_Rap,6927326214384,FB_iOS_BAU_StartTrial_131125,403,"[{'action_type': 'subscribe_mobile_app', 'value': '9.742647'}, {'action_type': 'subscribe_total', 'value': '9.742647'}, {'action_type': 'start_trial_mobile_app', 'value': '19.485294'}, {'action_type': 'start_trial_total', 'value': '19.485294'}]",1.288911,"[{'action_type': 'outbound_click', 'value': '1.288911'}]",1.288911,2.783613,0.237796,,0.036111,0.036111,2.50947,,0.037711,0.82196,12.366996,12.649406,1.504573,2025-12-15,2025-12-15,1.022836,female,26785,0.959492,257,"[{'action_type': 'outbound_click', 'value': '257'}]","[{'action_type': 'outbound_click', 'value': '0.959492'}]",26187,331.25,823,4,775,7619,3660,2096
,135,,1,15,7,7,135,,,,12,1,1,,,762,,762,14,12,,733,,6927328152584,14 blonde - Copy 3,6927326214784,FB_iOS_BAU_StartTrial_F_Rap,6927326214384,FB_iOS_BAU_StartTrial_131125,44,"[{'action_type': 'subscribe_mobile_app', 'value': '6.745'}, {'action_type': 'subscribe_total', 'value': '6.745'}, {'action_type': 'start_trial_mobile_app', 'value': '13.49'}, {'action_type': 'start_trial_total', 'value': '13.49'}]",1.798667,"[{'action_type': 'outbound_click', 'value': '1.798667'}]",1.798667,3.854286,0.199852,,0.035407,0.035407,1.927143,,0.036808,0.613182,12.302782,12.85374,2.006384,2025-12-15,2025-12-15,1.044783,male,2193,0.683995,15,"[{'action_type': 'outbound_click', 'value': '15'}]","[{'action_type': 'outbound_click', 'value': '0.683995'}]",2099,26.98,86,4,86,628,312,198
,2,,,,,,2,,,,,,,,,60,,60,,,,60,,6927328152584,14 blonde - Copy 3,6927326214784,FB_iOS_BAU_StartTrial_F_Rap,6927326214384,FB_iOS_BAU_StartTrial_131125,2,,,,,,1.285,,0.042833,0.042833,,,0.042833,1.285,14.120879,14.198895,1.098901,2025-12-15,2025-12-15,1.005525,unknown,182,,,,,181,2.57,5,3,5,52,26,11
,319,,,51,32,32,319,,,,29,4,4,,,1918,2,1918,35,29,,1832,,6927328152784,12_prerna_noendcardaudio - Copy,6927326214784,FB_iOS_BAU_StartTrial_F_Rap,6927326214384,FB_iOS_BAU_StartTrial_131125,65,"[{'action_type': 'subscribe_mobile_app', 'value': '12.075'}, {'action_type': 'subscribe_total', 'value': '12.075'}, {'action_type': 'start_trial_mobile_app', 'value': '36.225'}, {'action_type': 'start_trial_total', 'value': '36.225'}]",1.420588,"[{'action_type': 'outbound_click', 'value': '1.420588'}]",1.420588,2.264063,0.227116,,0.037774,0.037774,2.07,,0.039547,1.114615,16.919664,17.051071,1.517982,2025-12-15,2025-12-15,1.007767,female,4282,1.191032,51,"[{'action_type': 'outbound_click', 'value': '51'}]","[{'action_type': 'outbound_click', 'value': '1.191032'}]",4249,72.45,136,5,136,1671,813,480
,2,,,5,,,2,,,,6,,,,,210,,210,6,6,,199,,6927328152784,12_prerna_noendcardaudio - Copy,6927326214784,FB_iOS_BAU_StartTrial_F_Rap,6927326214384,FB_iOS_BAU_StartTrial_131125,5,,1.38,"[{'action_type': 'outbound_click', 'value': '1.38'}]",1.38,,3.45,,0.032857,0.032857,1.15,,0.034673,1.38,13.995943,14.435146,1.014199,2025-12-15,2025-12-15,1.031381,male,493,1.014199,5,"[{'action_type': 'outbound_click', 'value': '5'}]","[{'action_type': 'outbound_click', 'value': '1.014199'}]",478,6.9,15,4,15,185,78,44
,,,,,,,,,,,1,,,,,9,,9,1,1,,8,,6927328152784,12_prerna_noendcardaudio - Copy,6927326214784,FB_iOS_BAU_StartTrial_F_Rap,6927326214384,FB_iOS_BAU_StartTrial_131125,0,,,,,,,,0.037778,0.037778,0.34,,0.0425,,20,20,0,2025-12-15,2025-12-15,1,unknown,17,,,,,17,0.34,,3,,6,3,1
,,,,,,,,,,,,,,,,,,,,,,,,6928148053984,New App promotion Ad,6928148053784,FB_iOS_CPR_F_Rap_151225,6928148053584,FB_iOS_BAU_CostBid_StartTrial_151225,0,,,,,,,,,,,,,,16,20,0,2025-12-15,2025-12-15,1.25,female,5,,,,,4,0.08,,,,,,
,,,,2,,,,,,,,,,,,2,,2,,,,,,6928148053984,New App promotion Ad,6928148053784,FB_iOS_CPR_F_Rap_151225,6928148053584,FB_iOS_BAU_CostBid_StartTrial_151225,1,,0.08,"[{'action_type': 'outbound_click', 'value': '0.08'}]",0.08,,,,0.08,0.08,,,,0.16,14.545455,14.545455,9.090909,2025-12-15,2025-12-15,1,male,11,18.181818,2,"[{'action_type': 'outbound_click', 'value': '2'}]","[{'action_type': 'outbound_click', 'value': '18.181818'}]",11,0.16,,,,,,
,202,,,51,19,19,202,,,,40,9,9,,,2489,4,2489,53,40,,2385,,6928150124184,12_prerna_noendcardaudio - Copy 2,6928148053784,FB_iOS_CPR_F_Rap_151225,6928148053584,FB_iOS_BAU_CostBid_StartTrial_151225,77,"[{'action_type': 'subscribe_mobile_app', 'value': '12.232857'}, {'action_type': 'subscribe_total', 'value': '12.232857'}]",1.67902,"[{'action_type': 'outbound_click', 'value': '1.67902'}]",1.67902,4.506842,0.423911,,0.034403,0.034403,1.61566,,0.035904,1.112078,14.695384,15.012272,1.321435,2025-12-15,2025-12-15,1.021564,female,5827,0.875236,51,"[{'action_type': 'outbound_click', 'value': '51'}]","[{'action_type': 'outbound_click', 'value': '0.875236'}]",5704,85.63,150,4,151,2174,1016,623
,17,,,5,1,1,17,,,,6,,,,,244,1,244,7,6,,232,,6928150124184,12_prerna_noendcardaudio - Copy 2,6928148053784,FB_iOS_CPR_F_Rap_151225,6928148053584,FB_iOS_BAU_CostBid_StartTrial_151225,8,"[{'action_type': 'subscribe_mobile_app', 'value': '8.09'}, {'action_type': 'subscribe_total', 'value': '8.09'}]",1.618,"[{'action_type': 'outbound_click', 'value': '1.618'}]",1.618,8.09,0.475882,,0.033156,0.033156,1.155714,,0.034871,1.01125,12.760252,13.111831,1.26183,2025-12-15,2025-12-15,1.027553,male,634,0.788644,5,"[{'action_type': 'outbound_click', 'value': '5'}]","[{'action_type': 'outbound_click', 'value': '0.788644'}]",617,8.09,18,4,18,210,94,54
,1,,,1,,,1,,,,,,,,,17,,17,,,,16,,6928150124184,12_prerna_noendcardaudio - Copy 2,6928148053784,FB_iOS_CPR_F_Rap_151225,6928148053584,FB_iOS_BAU_CostBid_StartTrial_151225,1,,0.5,"[{'action_type': 'outbound_click', 'value': '0.5'}]",0.5,,0.5,,0.029412,0.029412,,,0.03125,0.5,15.151515,16.129032,3.030303,2025-12-15,2025-12-15,1.064516,unknown,33,3.030303,1,"[{'action_type': 'outbound_click', 'value': '1'}]","[{'action_type': 'outbound_click', 'value': '3.030303'}]",31,0.5,1,9,1,15,8,4
,36,,,3,2,2,36,,,,3,,,,,58,,58,3,3,,52,,6928150124384,35_blonde_bent - Copy 2,6928148053784,FB_iOS_CPR_F_Rap_151225,6928148053584,FB_iOS_BAU_CostBid_StartTrial_151225,3,,1.47,"[{'action_type': 'outbound_click', 'value': '1.47'}]",1.47,2.205,0.1225,,0.076034,0.076034,1.47,,0.084808,1.47,16.153846,16.768061,1.098901,2025-12-15,2025-12-15,1.038023,female,273,1.098901,3,"[{'action_type': 'outbound_click', 'value': '3'}]","[{'action_type': 'outbound_click', 'value': '1.098901'}]",263,4.41,3,2,3,45,23,16
,,,,,,,,,,,,,,,,1,,1,,,,1,,6928150124384,35_blonde_bent - Copy 2,6928148053784,FB_iOS_CPR_F_Rap_151225,6928148053584,FB_iOS_BAU_CostBid_StartTrial_151225,0,,,,,,,,0.21,0.21,,,0.21,,23.333333,23.333333,0,2025-12-15,2025-12-15,1,male,9,,,,,9,0.21,,2,,1,1,1
,,,,,,,,,,,,,,,,,,,,,,,,6928150124384,35_blonde_bent - Copy 2,6928148053784,FB_iOS_CPR_F_Rap_151225,6928148053584,FB_iOS_BAU_CostBid_StartTrial_151225,0,,,,,,,,,,,,,,20,20,0,2025-12-15,2025-12-15,1,unknown,1,,,,,1,0.02,,1,,,,
,1378,3,2,213,107,107,1378,,,,121,7,7,4,,8703,17,8703,151,125,,8339,,6928150124584,14 blonde - Copy 4,6928148053784,FB_iOS_CPR_F_Rap_151225,6928148053584,FB_iOS_BAU_CostBid_StartTrial_151225,382,"[{'action_type': 'subscribe_mobile_app', 'value': '7.947222'}, {'action_type': 'subscribe_total', 'value': '7.947222'}, {'action_type': 'start_trial_mobile_app', 'value': '286.1'}, {'action_type': 'start_trial_total', 'value': '286.1'}]",1.343192,"[{'action_type': 'outbound_click', 'value': '1.343192'}]",1.343192,2.673832,0.20762,,0.032874,0.032874,1.894702,,0.034309,0.748953,11.285106,12.253201,1.506784,2025-12-15,2025-12-15,1.085785,female,25352,0.84017,213,"[{'action_type': 'outbound_click', 'value': '213'}]","[{'action_type': 'outbound_click', 'value': '0.84017'}]",23349,286.1,738,4,711,7157,3440,1890
,133,,,24,9,9,133,,,,25,3,3,2,,1107,5,1107,35,27,,1048,,6928150124584,14 blonde - Copy 4,6928148053784,FB_iOS_CPR_F_Rap_151225,6928148053584,FB_iOS_BAU_CostBid_StartTrial_151225,51,"[{'action_type': 'subscribe_mobile_app', 'value': '12.063333'}, {'action_type': 'subscribe_total', 'value': '12.063333'}, {'action_type': 'start_trial_mobile_app', 'value': '18.095'}, {'action_type': 'start_trial_total', 'value': '18.095'}]",1.507917,"[{'action_type': 'outbound_click', 'value': '1.507917'}]",1.507917,4.021111,0.272105,,0.032692,0.032692,1.034,,0.034532,0.709608,10.963344,11.644144,1.544986,2025-12-15,2025-12-15,1.062098,male,3301,0.727052,24,"[{'action_type': 'outbound_click', 'value': '24'}]","[{'action_type': 'outbound_click', 'value': '0.727052'}]",3108,36.19,93,4,93,903,410,233
,,,,3,,,,,,,2,,,,,67,,67,2,2,,62,,6928150124584,14 blonde - Copy 4,6928148053784,FB_iOS_CPR_F_Rap_151225,6928148053584,FB_iOS_BAU_CostBid_StartTrial_151225,2,,0.8,"[{'action_type': 'outbound_click', 'value': '0.8'}]",0.8,,,,0.035821,0.035821,1.2,,0.03871,1.2,12.371134,12.972973,1.030928,2025-12-15,2025-12-15,1.048649,unknown,194,1.546392,3,"[{'action_type': 'outbound_click', 'value': '3'}]","[{'action_type': 'outbound_click', 'value': '1.546392'}]",185,2.4,5,4,5,53,28,17
,158,,,25,11,11,158,,,,7,,,,,578,,578,7,7,,546,,6928150124784,03_blackbodysuit_Big energy - Copy 3,6928148053784,FB_iOS_CPR_F_Rap_151225,6928148053584,FB_iOS_BAU_CostBid_StartTrial_151225,25,"[{'action_type': 'subscribe_mobile_app', 'value': '22.75'}, {'action_type': 'subscribe_total', 'value': '22.75'}]",0.91,"[{'action_type': 'outbound_click', 'value': '0.91'}]",0.91,2.068182,0.143987,,0.03936,0.03936,3.25,,0.041667,0.91,16.180654,16.864344,1.778094,2025-12-15,2025-12-15,1.042254,female,1406,1.778094,25,"[{'action_type': 'outbound_click', 'value': '25'}]","[{'action_type': 'outbound_click', 'value': '1.778094'}]",1349,22.75,47,4,43,496,255,152
,3,,,1,,,3,,,,,,,,,22,,22,,,,21,,6928150124784,03_blackbodysuit_Big energy - Copy 3,6928148053784,FB_iOS_CPR_F_Rap_151225,6928148053584,FB_iOS_BAU_CostBid_StartTrial_151225,1,,0.74,"[{'action_type': 'outbound_click', 'value': '0.74'}]",0.74,,0.246667,,0.033636,0.033636,,,0.035238,0.74,14.230769,14.509804,1.923077,2025-12-15,2025-12-15,1.019608,male,52,1.923077,1,"[{'action_type': 'outbound_click', 'value': '1'}]","[{'action_type': 'outbound_click', 'value': '1.923077'}]",51,0.74,1,4,1,19,9,5
,,,,,,,,,,,,,,,,2,,2,,,,2,,6928150124784,03_blackbodysuit_Big energy - Copy 3,6928148053784,FB_iOS_CPR_F_Rap_151225,6928148053584,FB_iOS_BAU_CostBid_StartTrial_151225,0,,,,,,,,0.17,0.17,,,0.17,,42.5,42.5,0,2025-12-15,2025-12-15,1,unknown,8,,,,,8,0.34,,2,,2,,
